
-- CUSTOMERS

Insert into CUSTOMERS (CUSTOMER_ID, FIRST_NAME, LAST_NAME, DATE_OF_BIRTH, EMAIL_ID, CONTACT, LICENSE_NUMBER) values (1001,'Amit','Sharma',to_date('01-JAN-75','DD-MON-RR'),'amit.sharma0@example.com',9000000000,'DL100000');
Insert into CUSTOMERS (CUSTOMER_ID, FIRST_NAME, LAST_NAME, DATE_OF_BIRTH, EMAIL_ID, CONTACT, LICENSE_NUMBER) values (1002,'Neha','Patel',to_date('02-FEB-76','DD-MON-RR'),'neha.patel1@example.com',9000000001,'DL100001');
Insert into CUSTOMERS (CUSTOMER_ID, FIRST_NAME, LAST_NAME, DATE_OF_BIRTH, EMAIL_ID, CONTACT, LICENSE_NUMBER) values (1003,'Ravi','Singh',to_date('03-MAR-77','DD-MON-RR'),'ravi.singh2@example.com',9000000002,'DL100002');
Insert into CUSTOMERS (CUSTOMER_ID, FIRST_NAME, LAST_NAME, DATE_OF_BIRTH, EMAIL_ID, CONTACT, LICENSE_NUMBER) values (1004,'Priya','Gupta',to_date('04-APR-78','DD-MON-RR'),'priya.gupta3@example.com',9000000003,'DL100003');
Insert into CUSTOMERS (CUSTOMER_ID, FIRST_NAME, LAST_NAME, DATE_OF_BIRTH, EMAIL_ID, CONTACT, LICENSE_NUMBER) values (1005,'Sanjay','Mehta',to_date('05-MAY-79','DD-MON-RR'),'sanjay.mehta4@example.com',9000000004,'DL100004');
Insert into CUSTOMERS (CUSTOMER_ID, FIRST_NAME, LAST_NAME, DATE_OF_BIRTH, EMAIL_ID, CONTACT, LICENSE_NUMBER) values (1006,'Kavita','Joshi',to_date('06-JUN-80','DD-MON-RR'),'kavita.joshi5@example.com',9000000005,'DL100005');
Insert into CUSTOMERS (CUSTOMER_ID, FIRST_NAME, LAST_NAME, DATE_OF_BIRTH, EMAIL_ID, CONTACT, LICENSE_NUMBER) values (1007,'Vikas','Khan',to_date('07-JUL-81','DD-MON-RR'),'vikas.khan6@example.com',9000000006,'DL100006');
Insert into CUSTOMERS (CUSTOMER_ID, FIRST_NAME, LAST_NAME, DATE_OF_BIRTH, EMAIL_ID, CONTACT, LICENSE_NUMBER) values (1008,'Anjali','Iyer',to_date('08-AUG-82','DD-MON-RR'),'anjali.iyer7@example.com',9000000007,'DL100007');
Insert into CUSTOMERS (CUSTOMER_ID, FIRST_NAME, LAST_NAME, DATE_OF_BIRTH, EMAIL_ID, CONTACT, LICENSE_NUMBER) values (1009,'Rohit','Reddy',to_date('09-SEP-83','DD-MON-RR'),'rohit.reddy8@example.com',9000000008,'DL100008');
Insert into CUSTOMERS (CUSTOMER_ID, FIRST_NAME, LAST_NAME, DATE_OF_BIRTH, EMAIL_ID, CONTACT, LICENSE_NUMBER) values (1010,'Sneha','Kapoor',to_date('10-OCT-84','DD-MON-RR'),'sneha.kapoor9@example.com',9000000009,'DL100009');
Insert into CUSTOMERS (CUSTOMER_ID, FIRST_NAME, LAST_NAME, DATE_OF_BIRTH, EMAIL_ID, CONTACT, LICENSE_NUMBER) values (1011,'Karan','Chopra',to_date('11-NOV-85','DD-MON-RR'),'karan.chopra10@example.com',9000000010,'DL100010');
Insert into CUSTOMERS (CUSTOMER_ID, FIRST_NAME, LAST_NAME, DATE_OF_BIRTH, EMAIL_ID, CONTACT, LICENSE_NUMBER) values (1012,'Pooja','Malhotra',to_date('12-DEC-86','DD-MON-RR'),'pooja.malhotra11@example.com',9000000011,'DL100011');
Insert into CUSTOMERS (CUSTOMER_ID, FIRST_NAME, LAST_NAME, DATE_OF_BIRTH, EMAIL_ID, CONTACT, LICENSE_NUMBER) values (1013,'Manish','Verma',to_date('13-JAN-87','DD-MON-RR'),'manish.verma12@example.com',9000000012,'DL100012');
Insert into CUSTOMERS (CUSTOMER_ID, FIRST_NAME, LAST_NAME, DATE_OF_BIRTH, EMAIL_ID, CONTACT, LICENSE_NUMBER) values (1014,'Ritu','Shah',to_date('14-FEB-88','DD-MON-RR'),'ritu.shah13@example.com',9000000013,'DL100013');
Insert into CUSTOMERS (CUSTOMER_ID, FIRST_NAME, LAST_NAME, DATE_OF_BIRTH, EMAIL_ID, CONTACT, LICENSE_NUMBER) values (1015,'Deepak','Bose',to_date('15-MAR-89','DD-MON-RR'),'deepak.bose14@example.com',9000000014,'DL100014');
Insert into CUSTOMERS (CUSTOMER_ID, FIRST_NAME, LAST_NAME, DATE_OF_BIRTH, EMAIL_ID, CONTACT, LICENSE_NUMBER) values (1016,'Hema','Nair',to_date('16-APR-90','DD-MON-RR'),'hema.nair15@example.com',9000000015,'DL100015');
Insert into CUSTOMERS (CUSTOMER_ID, FIRST_NAME, LAST_NAME, DATE_OF_BIRTH, EMAIL_ID, CONTACT, LICENSE_NUMBER) values (1017,'Arjun','Das',to_date('17-MAY-91','DD-MON-RR'),'arjun.das16@example.com',9000000016,'DL100016');
Insert into CUSTOMERS (CUSTOMER_ID, FIRST_NAME, LAST_NAME, DATE_OF_BIRTH, EMAIL_ID, CONTACT, LICENSE_NUMBER) values (1018,'Swati','Bhardwaj',to_date('18-JUN-92','DD-MON-RR'),'swati.bhardwaj17@example.com',9000000017,'DL100017');
Insert into CUSTOMERS (CUSTOMER_ID, FIRST_NAME, LAST_NAME, DATE_OF_BIRTH, EMAIL_ID, CONTACT, LICENSE_NUMBER) values (1019,'Nikhil','Saxena',to_date('19-JUL-93','DD-MON-RR'),'nikhil.saxena18@example.com',9000000018,'DL100018');
Insert into CUSTOMERS (CUSTOMER_ID, FIRST_NAME, LAST_NAME, DATE_OF_BIRTH, EMAIL_ID, CONTACT, LICENSE_NUMBER) values (1020,'Meera','Trivedi',to_date('20-AUG-94','DD-MON-RR'),'meera.trivedi19@example.com',9000000019,'DL100019');
Insert into CUSTOMERS (CUSTOMER_ID, FIRST_NAME, LAST_NAME, DATE_OF_BIRTH, EMAIL_ID, CONTACT, LICENSE_NUMBER) values (1021,'Raj','Kumar',to_date('21-SEP-95','DD-MON-RR'),'raj.kumar20@example.com',9000000020,'DL100020');
Insert into CUSTOMERS (CUSTOMER_ID, FIRST_NAME, LAST_NAME, DATE_OF_BIRTH, EMAIL_ID, CONTACT, LICENSE_NUMBER) values (1022,'Simran','Agarwal',to_date('22-OCT-96','DD-MON-RR'),'simran.agarwal21@example.com',9000000021,'DL100021');
Insert into CUSTOMERS (CUSTOMER_ID, FIRST_NAME, LAST_NAME, DATE_OF_BIRTH, EMAIL_ID, CONTACT, LICENSE_NUMBER) values (1023,'Aakash','Pandey',to_date('23-NOV-97','DD-MON-RR'),'aakash.pandey22@example.com',9000000022,'DL100022');
Insert into CUSTOMERS (CUSTOMER_ID, FIRST_NAME, LAST_NAME, DATE_OF_BIRTH, EMAIL_ID, CONTACT, LICENSE_NUMBER) values (1024,'Isha','Saini',to_date('24-DEC-98','DD-MON-RR'),'isha.saini23@example.com',9000000023,'DL100023');
Insert into CUSTOMERS (CUSTOMER_ID, FIRST_NAME, LAST_NAME, DATE_OF_BIRTH, EMAIL_ID, CONTACT, LICENSE_NUMBER) values (1025,'Sameer','Garg',to_date('25-JAN-75','DD-MON-RR'),'sameer.garg24@example.com',9000000024,'DL100024');
Insert into CUSTOMERS (CUSTOMER_ID, FIRST_NAME, LAST_NAME, DATE_OF_BIRTH, EMAIL_ID, CONTACT, LICENSE_NUMBER) values (1026,'Nina','Pandit',to_date('26-FEB-76','DD-MON-RR'),'nina.pandit25@example.com',9000000025,'DL100025');
Insert into CUSTOMERS (CUSTOMER_ID, FIRST_NAME, LAST_NAME, DATE_OF_BIRTH, EMAIL_ID, CONTACT, LICENSE_NUMBER) values (1027,'Tarun','Bhat',to_date('01-MAR-77','DD-MON-RR'),'tarun.bhat26@example.com',9000000026,'DL100026');
Insert into CUSTOMERS (CUSTOMER_ID, FIRST_NAME, LAST_NAME, DATE_OF_BIRTH, EMAIL_ID, CONTACT, LICENSE_NUMBER) values (1028,'Divya','Lal',to_date('02-APR-78','DD-MON-RR'),'divya.lal27@example.com',9000000027,'DL100027');
Insert into CUSTOMERS (CUSTOMER_ID, FIRST_NAME, LAST_NAME, DATE_OF_BIRTH, EMAIL_ID, CONTACT, LICENSE_NUMBER) values (1029,'Kunal','Prasad',to_date('03-MAY-79','DD-MON-RR'),'kunal.prasad28@example.com',9000000028,'DL100028');
Insert into CUSTOMERS (CUSTOMER_ID, FIRST_NAME, LAST_NAME, DATE_OF_BIRTH, EMAIL_ID, CONTACT, LICENSE_NUMBER) values (1030,'Rhea','Mahajan',to_date('04-JUN-80','DD-MON-RR'),'rhea.mahajan29@example.com',9000000029,'DL100029');


-- VIOLATIONS

Insert into VIOLATIONS (VIOLATION_ID, DESCRIPTION) values (11001,'Traffic violation code 100');
Insert into VIOLATIONS (VIOLATION_ID, DESCRIPTION) values (11002,'Traffic violation code 101');
Insert into VIOLATIONS (VIOLATION_ID, DESCRIPTION) values (11003,'Traffic violation code 102');
Insert into VIOLATIONS (VIOLATION_ID, DESCRIPTION) values (11004,'Traffic violation code 103');
Insert into VIOLATIONS (VIOLATION_ID, DESCRIPTION) values (11005,'Traffic violation code 104');
Insert into VIOLATIONS (VIOLATION_ID, DESCRIPTION) values (11006,'Traffic violation code 105');
Insert into VIOLATIONS (VIOLATION_ID, DESCRIPTION) values (11007,'Traffic violation code 106');
Insert into VIOLATIONS (VIOLATION_ID, DESCRIPTION) values (11008,'Traffic violation code 107');
Insert into VIOLATIONS (VIOLATION_ID, DESCRIPTION) values (11009,'Traffic violation code 108');
Insert into VIOLATIONS (VIOLATION_ID, DESCRIPTION) values (11010,'Traffic violation code 109');
Insert into VIOLATIONS (VIOLATION_ID, DESCRIPTION) values (11011,'Traffic violation code 110');
Insert into VIOLATIONS (VIOLATION_ID, DESCRIPTION) values (11012,'Traffic violation code 111');
Insert into VIOLATIONS (VIOLATION_ID, DESCRIPTION) values (11013,'Traffic violation code 112');
Insert into VIOLATIONS (VIOLATION_ID, DESCRIPTION) values (11014,'Traffic violation code 113');
Insert into VIOLATIONS (VIOLATION_ID, DESCRIPTION) values (11015,'Traffic violation code 114');
Insert into VIOLATIONS (VIOLATION_ID, DESCRIPTION) values (11016,'Traffic violation code 115');
Insert into VIOLATIONS (VIOLATION_ID, DESCRIPTION) values (11017,'Traffic violation code 116');
Insert into VIOLATIONS (VIOLATION_ID, DESCRIPTION) values (11018,'Traffic violation code 117');
Insert into VIOLATIONS (VIOLATION_ID, DESCRIPTION) values (11019,'Traffic violation code 118');
Insert into VIOLATIONS (VIOLATION_ID, DESCRIPTION) values (11020,'Traffic violation code 119');
Insert into VIOLATIONS (VIOLATION_ID, DESCRIPTION) values (11021,'Traffic violation code 120');
Insert into VIOLATIONS (VIOLATION_ID, DESCRIPTION) values (11022,'Traffic violation code 121');
Insert into VIOLATIONS (VIOLATION_ID, DESCRIPTION) values (11023,'Traffic violation code 122');
Insert into VIOLATIONS (VIOLATION_ID, DESCRIPTION) values (11024,'Traffic violation code 123');
Insert into VIOLATIONS (VIOLATION_ID, DESCRIPTION) values (11025,'Traffic violation code 124');
Insert into VIOLATIONS (VIOLATION_ID, DESCRIPTION) values (11026,'Traffic violation code 125');
Insert into VIOLATIONS (VIOLATION_ID, DESCRIPTION) values (11027,'Traffic violation code 126');
Insert into VIOLATIONS (VIOLATION_ID, DESCRIPTION) values (11028,'Traffic violation code 127');
Insert into VIOLATIONS (VIOLATION_ID, DESCRIPTION) values (11029,'Traffic violation code 128');
Insert into VIOLATIONS (VIOLATION_ID, DESCRIPTION) values (11030,'Traffic violation code 129');


-- CAR

Insert into CAR (CAR_ID, CAR_TYPE, CAPACITY, RATE_PER_HR, CAR_MODEL, CAR_MAKE, CAR_NUMBER) values (3001,'SUV',6,10,'Swift','Maruti','MH1000AB100');
Insert into CAR (CAR_ID, CAR_TYPE, CAPACITY, RATE_PER_HR, CAR_MODEL, CAR_MAKE, CAR_NUMBER) values (3002,'Hatchback',4,15,'i20','Hyundai','MH1001AB101');
Insert into CAR (CAR_ID, CAR_TYPE, CAPACITY, RATE_PER_HR, CAR_MODEL, CAR_MAKE, CAR_NUMBER) values (3003,'Hatchback',4,20,'City','Honda','MH1002AB102');
Insert into CAR (CAR_ID, CAR_TYPE, CAPACITY, RATE_PER_HR, CAR_MODEL, CAR_MAKE, CAR_NUMBER) values (3004,'Sedan',4,25,'Innova','Toyota','MH1003AB103');
Insert into CAR (CAR_ID, CAR_TYPE, CAPACITY, RATE_PER_HR, CAR_MODEL, CAR_MAKE, CAR_NUMBER) values (3005,'Hatchback',4,30,'EcoSport','Ford','MH1004AB104');
Insert into CAR (CAR_ID, CAR_TYPE, CAPACITY, RATE_PER_HR, CAR_MODEL, CAR_MAKE, CAR_NUMBER) values (3006,'SUV',6,10,'XUV300','Mahindra','MH1005AB105');
Insert into CAR (CAR_ID, CAR_TYPE, CAPACITY, RATE_PER_HR, CAR_MODEL, CAR_MAKE, CAR_NUMBER) values (3007,'Sedan',4,15,'Altroz','Tata','MH1006AB106');
Insert into CAR (CAR_ID, CAR_TYPE, CAPACITY, RATE_PER_HR, CAR_MODEL, CAR_MAKE, CAR_NUMBER) values (3008,'Hatchback',4,20,'Seltos','Kia','MH1007AB107');
Insert into CAR (CAR_ID, CAR_TYPE, CAPACITY, RATE_PER_HR, CAR_MODEL, CAR_MAKE, CAR_NUMBER) values (3009,'Hatchback',4,25,'Vento','Volkswagen','MH1008AB108');
Insert into CAR (CAR_ID, CAR_TYPE, CAPACITY, RATE_PER_HR, CAR_MODEL, CAR_MAKE, CAR_NUMBER) values (3010,'Sedan',4,30,'Rapid','Skoda','MH1009AB109');
Insert into CAR (CAR_ID, CAR_TYPE, CAPACITY, RATE_PER_HR, CAR_MODEL, CAR_MAKE, CAR_NUMBER) values (3011,'SUV',6,10,'Swift','Maruti','MH1010AB110');
Insert into CAR (CAR_ID, CAR_TYPE, CAPACITY, RATE_PER_HR, CAR_MODEL, CAR_MAKE, CAR_NUMBER) values (3012,'Hatchback',4,15,'i20','Hyundai','MH1011AB111');
Insert into CAR (CAR_ID, CAR_TYPE, CAPACITY, RATE_PER_HR, CAR_MODEL, CAR_MAKE, CAR_NUMBER) values (3013,'Sedan',4,20,'City','Honda','MH1012AB112');
Insert into CAR (CAR_ID, CAR_TYPE, CAPACITY, RATE_PER_HR, CAR_MODEL, CAR_MAKE, CAR_NUMBER) values (3014,'Hatchback',4,25,'Innova','Toyota','MH1013AB113');
Insert into CAR (CAR_ID, CAR_TYPE, CAPACITY, RATE_PER_HR, CAR_MODEL, CAR_MAKE, CAR_NUMBER) values (3015,'Hatchback',4,30,'EcoSport','Ford','MH1014AB114');
Insert into CAR (CAR_ID, CAR_TYPE, CAPACITY, RATE_PER_HR, CAR_MODEL, CAR_MAKE, CAR_NUMBER) values (3016,'SUV',6,10,'XUV300','Mahindra','MH1015AB115');
Insert into CAR (CAR_ID, CAR_TYPE, CAPACITY, RATE_PER_HR, CAR_MODEL, CAR_MAKE, CAR_NUMBER) values (3017,'Hatchback',4,15,'Altroz','Tata','MH1016AB116');
Insert into CAR (CAR_ID, CAR_TYPE, CAPACITY, RATE_PER_HR, CAR_MODEL, CAR_MAKE, CAR_NUMBER) values (3018,'Hatchback',4,20,'Seltos','Kia','MH1017AB117');
Insert into CAR (CAR_ID, CAR_TYPE, CAPACITY, RATE_PER_HR, CAR_MODEL, CAR_MAKE, CAR_NUMBER) values (3019,'Sedan',4,25,'Vento','Volkswagen','MH1018AB118');
Insert into CAR (CAR_ID, CAR_TYPE, CAPACITY, RATE_PER_HR, CAR_MODEL, CAR_MAKE, CAR_NUMBER) values (3020,'Hatchback',4,30,'Rapid','Skoda','MH1019AB119');
Insert into CAR (CAR_ID, CAR_TYPE, CAPACITY, RATE_PER_HR, CAR_MODEL, CAR_MAKE, CAR_NUMBER) values (3021,'SUV',6,10,'Swift','Maruti','MH1020AB120');
Insert into CAR (CAR_ID, CAR_TYPE, CAPACITY, RATE_PER_HR, CAR_MODEL, CAR_MAKE, CAR_NUMBER) values (3022,'Sedan',4,15,'i20','Hyundai','MH1021AB121');
Insert into CAR (CAR_ID, CAR_TYPE, CAPACITY, RATE_PER_HR, CAR_MODEL, CAR_MAKE, CAR_NUMBER) values (3023,'Hatchback',4,20,'City','Honda','MH1022AB122');
Insert into CAR (CAR_ID, CAR_TYPE, CAPACITY, RATE_PER_HR, CAR_MODEL, CAR_MAKE, CAR_NUMBER) values (3024,'Hatchback',4,25,'Innova','Toyota','MH1023AB123');
Insert into CAR (CAR_ID, CAR_TYPE, CAPACITY, RATE_PER_HR, CAR_MODEL, CAR_MAKE, CAR_NUMBER) values (3025,'Sedan',4,30,'EcoSport','Ford','MH1024AB124');
Insert into CAR (CAR_ID, CAR_TYPE, CAPACITY, RATE_PER_HR, CAR_MODEL, CAR_MAKE, CAR_NUMBER) values (3026,'SUV',6,10,'XUV300','Mahindra','MH1025AB125');
Insert into CAR (CAR_ID, CAR_TYPE, CAPACITY, RATE_PER_HR, CAR_MODEL, CAR_MAKE, CAR_NUMBER) values (3027,'Hatchback',4,15,'Altroz','Tata','MH1026AB126');
Insert into CAR (CAR_ID, CAR_TYPE, CAPACITY, RATE_PER_HR, CAR_MODEL, CAR_MAKE, CAR_NUMBER) values (3028,'Sedan',4,20,'Seltos','Kia','MH1027AB127');
Insert into CAR (CAR_ID, CAR_TYPE, CAPACITY, RATE_PER_HR, CAR_MODEL, CAR_MAKE, CAR_NUMBER) values (3029,'Hatchback',4,25,'Vento','Volkswagen','MH1028AB128');
Insert into CAR (CAR_ID, CAR_TYPE, CAPACITY, RATE_PER_HR, CAR_MODEL, CAR_MAKE, CAR_NUMBER) values (3030,'Hatchback',4,30,'Rapid','Skoda','MH1029AB129');

-- CUSTOMER_ADDRESS

Insert into CUSTOMER_ADDRESS (ADDRESS_ID, CUSTOMER_ID, ADDRESS_TYPE, ADDRESS_LINE1, ADDRESS_LINE2, CITY, STATE, ZIP_CODE) values (2001,1001,'HOME','10A, Block 1','Area-1','Mumbai','Maharashtra','400000');
Insert into CUSTOMER_ADDRESS (ADDRESS_ID, CUSTOMER_ID, ADDRESS_TYPE, ADDRESS_LINE1, ADDRESS_LINE2, CITY, STATE, ZIP_CODE) values (2002,1002,'OFFICE','11A, Block 2','Area-2','Delhi','Delhi','400001');
Insert into CUSTOMER_ADDRESS (ADDRESS_ID, CUSTOMER_ID, ADDRESS_TYPE, ADDRESS_LINE1, ADDRESS_LINE2, CITY, STATE, ZIP_CODE) values (2003,1003,'HOME','12A, Block 3','Area-3','Bengaluru','Karnataka','400002');
Insert into CUSTOMER_ADDRESS (ADDRESS_ID, CUSTOMER_ID, ADDRESS_TYPE, ADDRESS_LINE1, ADDRESS_LINE2, CITY, STATE, ZIP_CODE) values (2004,1004,'OFFICE','13A, Block 4','Area-4','Hyderabad','Telangana','400003');
Insert into CUSTOMER_ADDRESS (ADDRESS_ID, CUSTOMER_ID, ADDRESS_TYPE, ADDRESS_LINE1, ADDRESS_LINE2, CITY, STATE, ZIP_CODE) values (2005,1005,'HOME','14A, Block 5','Area-5','Ahmedabad','Gujarat','400004');
Insert into CUSTOMER_ADDRESS (ADDRESS_ID, CUSTOMER_ID, ADDRESS_TYPE, ADDRESS_LINE1, ADDRESS_LINE2, CITY, STATE, ZIP_CODE) values (2006,1006,'OFFICE','15A, Block 6','Area-6','Pune','Maharashtra','400005');
Insert into CUSTOMER_ADDRESS (ADDRESS_ID, CUSTOMER_ID, ADDRESS_TYPE, ADDRESS_LINE1, ADDRESS_LINE2, CITY, STATE, ZIP_CODE) values (2007,1007,'HOME','16A, Block 7','Area-7','Chennai','Tamil Nadu','400006');
Insert into CUSTOMER_ADDRESS (ADDRESS_ID, CUSTOMER_ID, ADDRESS_TYPE, ADDRESS_LINE1, ADDRESS_LINE2, CITY, STATE, ZIP_CODE) values (2008,1008,'OFFICE','17A, Block 8','Area-1','Kolkata','West Bengal','400007');
Insert into CUSTOMER_ADDRESS (ADDRESS_ID, CUSTOMER_ID, ADDRESS_TYPE, ADDRESS_LINE1, ADDRESS_LINE2, CITY, STATE, ZIP_CODE) values (2009,1009,'HOME','18A, Block 9','Area-2','Surat','Gujarat','400008');
Insert into CUSTOMER_ADDRESS (ADDRESS_ID, CUSTOMER_ID, ADDRESS_TYPE, ADDRESS_LINE1, ADDRESS_LINE2, CITY, STATE, ZIP_CODE) values (2010,1010,'OFFICE','19A, Block 10','Area-3','Jaipur','Rajasthan','400009');
Insert into CUSTOMER_ADDRESS (ADDRESS_ID, CUSTOMER_ID, ADDRESS_TYPE, ADDRESS_LINE1, ADDRESS_LINE2, CITY, STATE, ZIP_CODE) values (2011,1011,'HOME','20A, Block 1','Area-4','Mumbai','Maharashtra','400010');
Insert into CUSTOMER_ADDRESS (ADDRESS_ID, CUSTOMER_ID, ADDRESS_TYPE, ADDRESS_LINE1, ADDRESS_LINE2, CITY, STATE, ZIP_CODE) values (2012,1012,'OFFICE','21A, Block 2','Area-5','Delhi','Delhi','400011');
Insert into CUSTOMER_ADDRESS (ADDRESS_ID, CUSTOMER_ID, ADDRESS_TYPE, ADDRESS_LINE1, ADDRESS_LINE2, CITY, STATE, ZIP_CODE) values (2013,1013,'HOME','22A, Block 3','Area-6','Bengaluru','Karnataka','400012');
Insert into CUSTOMER_ADDRESS (ADDRESS_ID, CUSTOMER_ID, ADDRESS_TYPE, ADDRESS_LINE1, ADDRESS_LINE2, CITY, STATE, ZIP_CODE) values (2014,1014,'OFFICE','23A, Block 4','Area-7','Hyderabad','Telangana','400013');
Insert into CUSTOMER_ADDRESS (ADDRESS_ID, CUSTOMER_ID, ADDRESS_TYPE, ADDRESS_LINE1, ADDRESS_LINE2, CITY, STATE, ZIP_CODE) values (2015,1015,'HOME','24A, Block 5','Area-1','Ahmedabad','Gujarat','400014');
Insert into CUSTOMER_ADDRESS (ADDRESS_ID, CUSTOMER_ID, ADDRESS_TYPE, ADDRESS_LINE1, ADDRESS_LINE2, CITY, STATE, ZIP_CODE) values (2016,1016,'OFFICE','25A, Block 6','Area-2','Pune','Maharashtra','400015');
Insert into CUSTOMER_ADDRESS (ADDRESS_ID, CUSTOMER_ID, ADDRESS_TYPE, ADDRESS_LINE1, ADDRESS_LINE2, CITY, STATE, ZIP_CODE) values (2017,1017,'HOME','26A, Block 7','Area-3','Chennai','Tamil Nadu','400016');
Insert into CUSTOMER_ADDRESS (ADDRESS_ID, CUSTOMER_ID, ADDRESS_TYPE, ADDRESS_LINE1, ADDRESS_LINE2, CITY, STATE, ZIP_CODE) values (2018,1018,'OFFICE','27A, Block 8','Area-4','Kolkata','West Bengal','400017');
Insert into CUSTOMER_ADDRESS (ADDRESS_ID, CUSTOMER_ID, ADDRESS_TYPE, ADDRESS_LINE1, ADDRESS_LINE2, CITY, STATE, ZIP_CODE) values (2019,1019,'HOME','28A, Block 9','Area-5','Surat','Gujarat','400018');
Insert into CUSTOMER_ADDRESS (ADDRESS_ID, CUSTOMER_ID, ADDRESS_TYPE, ADDRESS_LINE1, ADDRESS_LINE2, CITY, STATE, ZIP_CODE) values (2020,1020,'OFFICE','29A, Block 10','Area-6','Jaipur','Rajasthan','400019');
Insert into CUSTOMER_ADDRESS (ADDRESS_ID, CUSTOMER_ID, ADDRESS_TYPE, ADDRESS_LINE1, ADDRESS_LINE2, CITY, STATE, ZIP_CODE) values (2021,1021,'HOME','30A, Block 1','Area-7','Mumbai','Maharashtra','400020');
Insert into CUSTOMER_ADDRESS (ADDRESS_ID, CUSTOMER_ID, ADDRESS_TYPE, ADDRESS_LINE1, ADDRESS_LINE2, CITY, STATE, ZIP_CODE) values (2022,1022,'OFFICE','31A, Block 2','Area-1','Delhi','Delhi','400021');
Insert into CUSTOMER_ADDRESS (ADDRESS_ID, CUSTOMER_ID, ADDRESS_TYPE, ADDRESS_LINE1, ADDRESS_LINE2, CITY, STATE, ZIP_CODE) values (2023,1023,'HOME','32A, Block 3','Area-2','Bengaluru','Karnataka','400022');
Insert into CUSTOMER_ADDRESS (ADDRESS_ID, CUSTOMER_ID, ADDRESS_TYPE, ADDRESS_LINE1, ADDRESS_LINE2, CITY, STATE, ZIP_CODE) values (2024,1024,'OFFICE','33A, Block 4','Area-3','Hyderabad','Telangana','400023');
Insert into CUSTOMER_ADDRESS (ADDRESS_ID, CUSTOMER_ID, ADDRESS_TYPE, ADDRESS_LINE1, ADDRESS_LINE2, CITY, STATE, ZIP_CODE) values (2025,1025,'HOME','34A, Block 5','Area-4','Ahmedabad','Gujarat','400024');
Insert into CUSTOMER_ADDRESS (ADDRESS_ID, CUSTOMER_ID, ADDRESS_TYPE, ADDRESS_LINE1, ADDRESS_LINE2, CITY, STATE, ZIP_CODE) values (2026,1026,'OFFICE','35A, Block 6','Area-5','Pune','Maharashtra','400025');
Insert into CUSTOMER_ADDRESS (ADDRESS_ID, CUSTOMER_ID, ADDRESS_TYPE, ADDRESS_LINE1, ADDRESS_LINE2, CITY, STATE, ZIP_CODE) values (2027,1027,'HOME','36A, Block 7','Area-6','Chennai','Tamil Nadu','400026');
Insert into CUSTOMER_ADDRESS (ADDRESS_ID, CUSTOMER_ID, ADDRESS_TYPE, ADDRESS_LINE1, ADDRESS_LINE2, CITY, STATE, ZIP_CODE) values (2028,1028,'OFFICE','37A, Block 8','Area-7','Kolkata','West Bengal','400027');
Insert into CUSTOMER_ADDRESS (ADDRESS_ID, CUSTOMER_ID, ADDRESS_TYPE, ADDRESS_LINE1, ADDRESS_LINE2, CITY, STATE, ZIP_CODE) values (2029,1029,'HOME','38A, Block 9','Area-1','Surat','Gujarat','400028');
Insert into CUSTOMER_ADDRESS (ADDRESS_ID, CUSTOMER_ID, ADDRESS_TYPE, ADDRESS_LINE1, ADDRESS_LINE2, CITY, STATE, ZIP_CODE) values (2030,1030,'OFFICE','39A, Block 10','Area-2','Jaipur','Rajasthan','400029');


-- PICKUP_LOCATION

Insert into PICKUP_LOCATION (PICKUP_POINT_ID, STATE, CITY, ZIP, NAME) values (4001,'Maharashtra','Mumbai','500000','Central Station 1');
Insert into PICKUP_LOCATION (PICKUP_POINT_ID, STATE, CITY, ZIP, NAME) values (4002,'Delhi','Delhi','500001','Airport Terminal 2');
Insert into PICKUP_LOCATION (PICKUP_POINT_ID, STATE, CITY, ZIP, NAME) values (4003,'Karnataka','Bengaluru','500002','City Mall 3');
Insert into PICKUP_LOCATION (PICKUP_POINT_ID, STATE, CITY, ZIP, NAME) values (4004,'Telangana','Hyderabad','500003','Tech Park 4');
Insert into PICKUP_LOCATION (PICKUP_POINT_ID, STATE, CITY, ZIP, NAME) values (4005,'Gujarat','Ahmedabad','500004','Main Bazaar 5');
Insert into PICKUP_LOCATION (PICKUP_POINT_ID, STATE, CITY, ZIP, NAME) values (4006,'Maharashtra','Pune','500005','Riverside 6');
Insert into PICKUP_LOCATION (PICKUP_POINT_ID, STATE, CITY, ZIP, NAME) values (4007,'Tamil Nadu','Chennai','500006','East Plaza 7');
Insert into PICKUP_LOCATION (PICKUP_POINT_ID, STATE, CITY, ZIP, NAME) values (4008,'West Bengal','Kolkata','500007','West End 8');
Insert into PICKUP_LOCATION (PICKUP_POINT_ID, STATE, CITY, ZIP, NAME) values (4009,'Gujarat','Surat','500008','North Square 9');
Insert into PICKUP_LOCATION (PICKUP_POINT_ID, STATE, CITY, ZIP, NAME) values (4010,'Rajasthan','Jaipur','500009','South Gate 10');
Insert into PICKUP_LOCATION (PICKUP_POINT_ID, STATE, CITY, ZIP, NAME) values (4011,'Maharashtra','Mumbai','500010','Central Station 11');
Insert into PICKUP_LOCATION (PICKUP_POINT_ID, STATE, CITY, ZIP, NAME) values (4012,'Delhi','Delhi','500011','Airport Terminal 12');
Insert into PICKUP_LOCATION (PICKUP_POINT_ID, STATE, CITY, ZIP, NAME) values (4013,'Karnataka','Bengaluru','500012','City Mall 13');
Insert into PICKUP_LOCATION (PICKUP_POINT_ID, STATE, CITY, ZIP, NAME) values (4014,'Telangana','Hyderabad','500013','Tech Park 14');
Insert into PICKUP_LOCATION (PICKUP_POINT_ID, STATE, CITY, ZIP, NAME) values (4015,'Gujarat','Ahmedabad','500014','Main Bazaar 15');
Insert into PICKUP_LOCATION (PICKUP_POINT_ID, STATE, CITY, ZIP, NAME) values (4016,'Maharashtra','Pune','500015','Riverside 16');
Insert into PICKUP_LOCATION (PICKUP_POINT_ID, STATE, CITY, ZIP, NAME) values (4017,'Tamil Nadu','Chennai','500016','East Plaza 17');
Insert into PICKUP_LOCATION (PICKUP_POINT_ID, STATE, CITY, ZIP, NAME) values (4018,'West Bengal','Kolkata','500017','West End 18');
Insert into PICKUP_LOCATION (PICKUP_POINT_ID, STATE, CITY, ZIP, NAME) values (4019,'Gujarat','Surat','500018','North Square 19');
Insert into PICKUP_LOCATION (PICKUP_POINT_ID, STATE, CITY, ZIP, NAME) values (4020,'Rajasthan','Jaipur','500019','South Gate 20');
Insert into PICKUP_LOCATION (PICKUP_POINT_ID, STATE, CITY, ZIP, NAME) values (4021,'Maharashtra','Mumbai','500020','Central Station 21');
Insert into PICKUP_LOCATION (PICKUP_POINT_ID, STATE, CITY, ZIP, NAME) values (4022,'Delhi','Delhi','500021','Airport Terminal 22');
Insert into PICKUP_LOCATION (PICKUP_POINT_ID, STATE, CITY, ZIP, NAME) values (4023,'Karnataka','Bengaluru','500022','City Mall 23');
Insert into PICKUP_LOCATION (PICKUP_POINT_ID, STATE, CITY, ZIP, NAME) values (4024,'Telangana','Hyderabad','500023','Tech Park 24');
Insert into PICKUP_LOCATION (PICKUP_POINT_ID, STATE, CITY, ZIP, NAME) values (4025,'Gujarat','Ahmedabad','500024','Main Bazaar 25');
Insert into PICKUP_LOCATION (PICKUP_POINT_ID, STATE, CITY, ZIP, NAME) values (4026,'Maharashtra','Pune','500025','Riverside 26');
Insert into PICKUP_LOCATION (PICKUP_POINT_ID, STATE, CITY, ZIP, NAME) values (4027,'Tamil Nadu','Chennai','500026','East Plaza 27');
Insert into PICKUP_LOCATION (PICKUP_POINT_ID, STATE, CITY, ZIP, NAME) values (4028,'West Bengal','Kolkata','500027','West End 28');
Insert into PICKUP_LOCATION (PICKUP_POINT_ID, STATE, CITY, ZIP, NAME) values (4029,'Gujarat','Surat','500028','North Square 29');
Insert into PICKUP_LOCATION (PICKUP_POINT_ID, STATE, CITY, ZIP, NAME) values (4030,'Rajasthan','Jaipur','500029','South Gate 30');

-- CARS_AT_PICKUP

Insert into CARS_AT_PICKUP (CARS_AT_PICKUP_ID, PICKUP_POINT_ID, CAR_ID, STATUS) values (5001,4001,3001,'AVAILABLE');
Insert into CARS_AT_PICKUP (CARS_AT_PICKUP_ID, PICKUP_POINT_ID, CAR_ID, STATUS) values (5002,4002,3002,'BOOKED');
Insert into CARS_AT_PICKUP (CARS_AT_PICKUP_ID, PICKUP_POINT_ID, CAR_ID, STATUS) values (5003,4003,3003,'MAINTENANCE');
Insert into CARS_AT_PICKUP (CARS_AT_PICKUP_ID, PICKUP_POINT_ID, CAR_ID, STATUS) values (5004,4004,3004,'AVAILABLE');
Insert into CARS_AT_PICKUP (CARS_AT_PICKUP_ID, PICKUP_POINT_ID, CAR_ID, STATUS) values (5005,4005,3005,'BOOKED');
Insert into CARS_AT_PICKUP (CARS_AT_PICKUP_ID, PICKUP_POINT_ID, CAR_ID, STATUS) values (5006,4006,3006,'MAINTENANCE');
Insert into CARS_AT_PICKUP (CARS_AT_PICKUP_ID, PICKUP_POINT_ID, CAR_ID, STATUS) values (5007,4007,3007,'AVAILABLE');
Insert into CARS_AT_PICKUP (CARS_AT_PICKUP_ID, PICKUP_POINT_ID, CAR_ID, STATUS) values (5008,4008,3008,'BOOKED');
Insert into CARS_AT_PICKUP (CARS_AT_PICKUP_ID, PICKUP_POINT_ID, CAR_ID, STATUS) values (5009,4009,3009,'MAINTENANCE');
Insert into CARS_AT_PICKUP (CARS_AT_PICKUP_ID, PICKUP_POINT_ID, CAR_ID, STATUS) values (5010,4010,3010,'AVAILABLE');
Insert into CARS_AT_PICKUP (CARS_AT_PICKUP_ID, PICKUP_POINT_ID, CAR_ID, STATUS) values (5011,4011,3011,'BOOKED');
Insert into CARS_AT_PICKUP (CARS_AT_PICKUP_ID, PICKUP_POINT_ID, CAR_ID, STATUS) values (5012,4012,3012,'MAINTENANCE');
Insert into CARS_AT_PICKUP (CARS_AT_PICKUP_ID, PICKUP_POINT_ID, CAR_ID, STATUS) values (5013,4013,3013,'AVAILABLE');
Insert into CARS_AT_PICKUP (CARS_AT_PICKUP_ID, PICKUP_POINT_ID, CAR_ID, STATUS) values (5014,4014,3014,'BOOKED');
Insert into CARS_AT_PICKUP (CARS_AT_PICKUP_ID, PICKUP_POINT_ID, CAR_ID, STATUS) values (5015,4015,3015,'MAINTENANCE');
Insert into CARS_AT_PICKUP (CARS_AT_PICKUP_ID, PICKUP_POINT_ID, CAR_ID, STATUS) values (5016,4016,3016,'AVAILABLE');
Insert into CARS_AT_PICKUP (CARS_AT_PICKUP_ID, PICKUP_POINT_ID, CAR_ID, STATUS) values (5017,4017,3017,'BOOKED');
Insert into CARS_AT_PICKUP (CARS_AT_PICKUP_ID, PICKUP_POINT_ID, CAR_ID, STATUS) values (5018,4018,3018,'MAINTENANCE');
Insert into CARS_AT_PICKUP (CARS_AT_PICKUP_ID, PICKUP_POINT_ID, CAR_ID, STATUS) values (5019,4019,3019,'AVAILABLE');
Insert into CARS_AT_PICKUP (CARS_AT_PICKUP_ID, PICKUP_POINT_ID, CAR_ID, STATUS) values (5020,4020,3020,'BOOKED');
Insert into CARS_AT_PICKUP (CARS_AT_PICKUP_ID, PICKUP_POINT_ID, CAR_ID, STATUS) values (5021,4021,3021,'MAINTENANCE');
Insert into CARS_AT_PICKUP (CARS_AT_PICKUP_ID, PICKUP_POINT_ID, CAR_ID, STATUS) values (5022,4022,3022,'AVAILABLE');
Insert into CARS_AT_PICKUP (CARS_AT_PICKUP_ID, PICKUP_POINT_ID, CAR_ID, STATUS) values (5023,4023,3023,'BOOKED');
Insert into CARS_AT_PICKUP (CARS_AT_PICKUP_ID, PICKUP_POINT_ID, CAR_ID, STATUS) values (5024,4024,3024,'MAINTENANCE');
Insert into CARS_AT_PICKUP (CARS_AT_PICKUP_ID, PICKUP_POINT_ID, CAR_ID, STATUS) values (5025,4025,3025,'AVAILABLE');
Insert into CARS_AT_PICKUP (CARS_AT_PICKUP_ID, PICKUP_POINT_ID, CAR_ID, STATUS) values (5026,4026,3026,'BOOKED');
Insert into CARS_AT_PICKUP (CARS_AT_PICKUP_ID, PICKUP_POINT_ID, CAR_ID, STATUS) values (5027,4027,3027,'MAINTENANCE');
Insert into CARS_AT_PICKUP (CARS_AT_PICKUP_ID, PICKUP_POINT_ID, CAR_ID, STATUS) values (5028,4028,3028,'AVAILABLE');
Insert into CARS_AT_PICKUP (CARS_AT_PICKUP_ID, PICKUP_POINT_ID, CAR_ID, STATUS) values (5029,4029,3029,'BOOKED');
Insert into CARS_AT_PICKUP (CARS_AT_PICKUP_ID, PICKUP_POINT_ID, CAR_ID, STATUS) values (5030,4030,3030,'MAINTENANCE');



COMMIT;
