
-- RIDE_TRANSACTION

Insert into RIDE_TRANSACTION (TRANS_ID, CUSTOMER_ID, CARS_AT_PICKUP_ID, TRANSACTION_DATE, START_TIME, END_TIME, CAR_ID, DISTANCE, STATUS, DISCOUNT) values (6001,1001,5001,to_date('01-JAN-19','DD-MON-RR'),to_date('01-JAN-19 08:15:00','DD-MON-RR HH24:MI:SS'),to_date('01-JAN-19 09:45:00','DD-MON-RR HH24:MI:SS'),3001,5,'CANCELLED',0);
Insert into RIDE_TRANSACTION (TRANS_ID, CUSTOMER_ID, CARS_AT_PICKUP_ID, TRANSACTION_DATE, START_TIME, END_TIME, CAR_ID, DISTANCE, STATUS, DISCOUNT) values (6002,1002,5002,to_date('02-FEB-20','DD-MON-RR'),to_date('02-FEB-20 09:15:00','DD-MON-RR HH24:MI:SS'),to_date('02-FEB-20 11:45:00','DD-MON-RR HH24:MI:SS'),3002,10,'COMPLETED',5);
Insert into RIDE_TRANSACTION (TRANS_ID, CUSTOMER_ID, CARS_AT_PICKUP_ID, TRANSACTION_DATE, START_TIME, END_TIME, CAR_ID, DISTANCE, STATUS, DISCOUNT) values (6003,1003,5003,to_date('03-MAR-21','DD-MON-RR'),to_date('03-MAR-21 10:15:00','DD-MON-RR HH24:MI:SS'),to_date('03-MAR-21 13:45:00','DD-MON-RR HH24:MI:SS'),3003,15,'COMPLETED',10);
Insert into RIDE_TRANSACTION (TRANS_ID, CUSTOMER_ID, CARS_AT_PICKUP_ID, TRANSACTION_DATE, START_TIME, END_TIME, CAR_ID, DISTANCE, STATUS, DISCOUNT) values (6004,1004,5004,to_date('04-APR-22','DD-MON-RR'),to_date('04-APR-22 11:15:00','DD-MON-RR HH24:MI:SS'),to_date('04-APR-22 12:45:00','DD-MON-RR HH24:MI:SS'),3004,20,'COMPLETED',0);
Insert into RIDE_TRANSACTION (TRANS_ID, CUSTOMER_ID, CARS_AT_PICKUP_ID, TRANSACTION_DATE, START_TIME, END_TIME, CAR_ID, DISTANCE, STATUS, DISCOUNT) values (6005,1005,5005,to_date('05-MAY-23','DD-MON-RR'),to_date('05-MAY-23 12:15:00','DD-MON-RR HH24:MI:SS'),to_date('05-MAY-23 14:45:00','DD-MON-RR HH24:MI:SS'),3005,25,'CANCELLED',5);
Insert into RIDE_TRANSACTION (TRANS_ID, CUSTOMER_ID, CARS_AT_PICKUP_ID, TRANSACTION_DATE, START_TIME, END_TIME, CAR_ID, DISTANCE, STATUS, DISCOUNT) values (6006,1006,5006,to_date('06-JUN-19','DD-MON-RR'),to_date('06-JUN-19 13:15:00','DD-MON-RR HH24:MI:SS'),to_date('06-JUN-19 16:45:00','DD-MON-RR HH24:MI:SS'),3006,30,'COMPLETED',0);
Insert into RIDE_TRANSACTION (TRANS_ID, CUSTOMER_ID, CARS_AT_PICKUP_ID, TRANSACTION_DATE, START_TIME, END_TIME, CAR_ID, DISTANCE, STATUS, DISCOUNT) values (6007,1007,5007,to_date('07-JUL-20','DD-MON-RR'),to_date('07-JUL-20 14:15:00','DD-MON-RR HH24:MI:SS'),to_date('07-JUL-20 15:45:00','DD-MON-RR HH24:MI:SS'),3007,35,'COMPLETED',5);
Insert into RIDE_TRANSACTION (TRANS_ID, CUSTOMER_ID, CARS_AT_PICKUP_ID, TRANSACTION_DATE, START_TIME, END_TIME, CAR_ID, DISTANCE, STATUS, DISCOUNT) values (6008,1008,5008,to_date('08-AUG-21','DD-MON-RR'),to_date('08-AUG-21 15:15:00','DD-MON-RR HH24:MI:SS'),to_date('08-AUG-21 17:45:00','DD-MON-RR HH24:MI:SS'),3008,40,'COMPLETED',10);
Insert into RIDE_TRANSACTION (TRANS_ID, CUSTOMER_ID, CARS_AT_PICKUP_ID, TRANSACTION_DATE, START_TIME, END_TIME, CAR_ID, DISTANCE, STATUS, DISCOUNT) values (6009,1009,5009,to_date('09-SEP-22','DD-MON-RR'),to_date('09-SEP-22 16:15:00','DD-MON-RR HH24:MI:SS'),to_date('09-SEP-22 19:45:00','DD-MON-RR HH24:MI:SS'),3009,45,'CANCELLED',0);
Insert into RIDE_TRANSACTION (TRANS_ID, CUSTOMER_ID, CARS_AT_PICKUP_ID, TRANSACTION_DATE, START_TIME, END_TIME, CAR_ID, DISTANCE, STATUS, DISCOUNT) values (6010,1010,5010,to_date('10-OCT-23','DD-MON-RR'),to_date('10-OCT-23 17:15:00','DD-MON-RR HH24:MI:SS'),to_date('10-OCT-23 18:45:00','DD-MON-RR HH24:MI:SS'),3010,50,'COMPLETED',5);
Insert into RIDE_TRANSACTION (TRANS_ID, CUSTOMER_ID, CARS_AT_PICKUP_ID, TRANSACTION_DATE, START_TIME, END_TIME, CAR_ID, DISTANCE, STATUS, DISCOUNT) values (6011,1011,5011,to_date('11-NOV-19','DD-MON-RR'),to_date('11-NOV-19 08:15:00','DD-MON-RR HH24:MI:SS'),to_date('11-NOV-19 10:45:00','DD-MON-RR HH24:MI:SS'),3011,5,'COMPLETED',0);
Insert into RIDE_TRANSACTION (TRANS_ID, CUSTOMER_ID, CARS_AT_PICKUP_ID, TRANSACTION_DATE, START_TIME, END_TIME, CAR_ID, DISTANCE, STATUS, DISCOUNT) values (6012,1012,5012,to_date('12-DEC-20','DD-MON-RR'),to_date('12-DEC-20 09:15:00','DD-MON-RR HH24:MI:SS'),to_date('12-DEC-20 12:45:00','DD-MON-RR HH24:MI:SS'),3012,10,'COMPLETED',5);
Insert into RIDE_TRANSACTION (TRANS_ID, CUSTOMER_ID, CARS_AT_PICKUP_ID, TRANSACTION_DATE, START_TIME, END_TIME, CAR_ID, DISTANCE, STATUS, DISCOUNT) values (6013,1013,5013,to_date('13-JAN-21','DD-MON-RR'),to_date('13-JAN-21 10:15:00','DD-MON-RR HH24:MI:SS'),to_date('13-JAN-21 11:45:00','DD-MON-RR HH24:MI:SS'),3013,15,'CANCELLED',0);
Insert into RIDE_TRANSACTION (TRANS_ID, CUSTOMER_ID, CARS_AT_PICKUP_ID, TRANSACTION_DATE, START_TIME, END_TIME, CAR_ID, DISTANCE, STATUS, DISCOUNT) values (6014,1014,5014,to_date('14-FEB-22','DD-MON-RR'),to_date('14-FEB-22 11:15:00','DD-MON-RR HH24:MI:SS'),to_date('14-FEB-22 13:45:00','DD-MON-RR HH24:MI:SS'),3014,20,'COMPLETED',10);
Insert into RIDE_TRANSACTION (TRANS_ID, CUSTOMER_ID, CARS_AT_PICKUP_ID, TRANSACTION_DATE, START_TIME, END_TIME, CAR_ID, DISTANCE, STATUS, DISCOUNT) values (6015,1015,5015,to_date('15-MAR-23','DD-MON-RR'),to_date('15-MAR-23 12:15:00','DD-MON-RR HH24:MI:SS'),to_date('15-MAR-23 15:45:00','DD-MON-RR HH24:MI:SS'),3015,25,'COMPLETED',5);
Insert into RIDE_TRANSACTION (TRANS_ID, CUSTOMER_ID, CARS_AT_PICKUP_ID, TRANSACTION_DATE, START_TIME, END_TIME, CAR_ID, DISTANCE, STATUS, DISCOUNT) values (6016,1016,5016,to_date('16-APR-19','DD-MON-RR'),to_date('16-APR-19 13:15:00','DD-MON-RR HH24:MI:SS'),to_date('16-APR-19 14:45:00','DD-MON-RR HH24:MI:SS'),3016,30,'COMPLETED',0);
Insert into RIDE_TRANSACTION (TRANS_ID, CUSTOMER_ID, CARS_AT_PICKUP_ID, TRANSACTION_DATE, START_TIME, END_TIME, CAR_ID, DISTANCE, STATUS, DISCOUNT) values (6017,1017,5017,to_date('17-MAY-20','DD-MON-RR'),to_date('17-MAY-20 14:15:00','DD-MON-RR HH24:MI:SS'),to_date('17-MAY-20 16:45:00','DD-MON-RR HH24:MI:SS'),3017,35,'CANCELLED',5);
Insert into RIDE_TRANSACTION (TRANS_ID, CUSTOMER_ID, CARS_AT_PICKUP_ID, TRANSACTION_DATE, START_TIME, END_TIME, CAR_ID, DISTANCE, STATUS, DISCOUNT) values (6018,1018,5018,to_date('18-JUN-21','DD-MON-RR'),to_date('18-JUN-21 15:15:00','DD-MON-RR HH24:MI:SS'),to_date('18-JUN-21 18:45:00','DD-MON-RR HH24:MI:SS'),3018,40,'COMPLETED',10);
Insert into RIDE_TRANSACTION (TRANS_ID, CUSTOMER_ID, CARS_AT_PICKUP_ID, TRANSACTION_DATE, START_TIME, END_TIME, CAR_ID, DISTANCE, STATUS, DISCOUNT) values (6019,1019,5019,to_date('19-JUL-22','DD-MON-RR'),to_date('19-JUL-22 16:15:00','DD-MON-RR HH24:MI:SS'),to_date('19-JUL-22 17:45:00','DD-MON-RR HH24:MI:SS'),3019,45,'COMPLETED',5);
Insert into RIDE_TRANSACTION (TRANS_ID, CUSTOMER_ID, CARS_AT_PICKUP_ID, TRANSACTION_DATE, START_TIME, END_TIME, CAR_ID, DISTANCE, STATUS, DISCOUNT) values (6020,1020,5020,to_date('20-AUG-23','DD-MON-RR'),to_date('20-AUG-23 17:15:00','DD-MON-RR HH24:MI:SS'),to_date('20-AUG-23 19:45:00','DD-MON-RR HH24:MI:SS'),3020,50,'COMPLETED',0);
Insert into RIDE_TRANSACTION (TRANS_ID, CUSTOMER_ID, CARS_AT_PICKUP_ID, TRANSACTION_DATE, START_TIME, END_TIME, CAR_ID, DISTANCE, STATUS, DISCOUNT) values (6021,1021,5021,to_date('21-SEP-19','DD-MON-RR'),to_date('21-SEP-19 08:15:00','DD-MON-RR HH24:MI:SS'),to_date('21-SEP-19 11:45:00','DD-MON-RR HH24:MI:SS'),3021,5,'CANCELLED',0);
Insert into RIDE_TRANSACTION (TRANS_ID, CUSTOMER_ID, CARS_AT_PICKUP_ID, TRANSACTION_DATE, START_TIME, END_TIME, CAR_ID, DISTANCE, STATUS, DISCOUNT) values (6022,1022,5022,to_date('22-OCT-20','DD-MON-RR'),to_date('22-OCT-20 09:15:00','DD-MON-RR HH24:MI:SS'),to_date('22-OCT-20 10:45:00','DD-MON-RR HH24:MI:SS'),3022,10,'COMPLETED',5);
Insert into RIDE_TRANSACTION (TRANS_ID, CUSTOMER_ID, CARS_AT_PICKUP_ID, TRANSACTION_DATE, START_TIME, END_TIME, CAR_ID, DISTANCE, STATUS, DISCOUNT) values (6023,1023,5023,to_date('23-NOV-21','DD-MON-RR'),to_date('23-NOV-21 10:15:00','DD-MON-RR HH24:MI:SS'),to_date('23-NOV-21 12:45:00','DD-MON-RR HH24:MI:SS'),3023,15,'COMPLETED',10);
Insert into RIDE_TRANSACTION (TRANS_ID, CUSTOMER_ID, CARS_AT_PICKUP_ID, TRANSACTION_DATE, START_TIME, END_TIME, CAR_ID, DISTANCE, STATUS, DISCOUNT) values (6024,1024,5024,to_date('24-DEC-22','DD-MON-RR'),to_date('24-DEC-22 11:15:00','DD-MON-RR HH24:MI:SS'),to_date('24-DEC-22 14:45:00','DD-MON-RR HH24:MI:SS'),3024,20,'COMPLETED',5);
Insert into RIDE_TRANSACTION (TRANS_ID, CUSTOMER_ID, CARS_AT_PICKUP_ID, TRANSACTION_DATE, START_TIME, END_TIME, CAR_ID, DISTANCE, STATUS, DISCOUNT) values (6025,1025,5025,to_date('25-JAN-23','DD-MON-RR'),to_date('25-JAN-23 12:15:00','DD-MON-RR HH24:MI:SS'),to_date('25-JAN-23 13:45:00','DD-MON-RR HH24:MI:SS'),3025,25,'CANCELLED',0);
Insert into RIDE_TRANSACTION (TRANS_ID, CUSTOMER_ID, CARS_AT_PICKUP_ID, TRANSACTION_DATE, START_TIME, END_TIME, CAR_ID, DISTANCE, STATUS, DISCOUNT) values (6026,1026,5026,to_date('26-FEB-19','DD-MON-RR'),to_date('26-FEB-19 13:15:00','DD-MON-RR HH24:MI:SS'),to_date('26-FEB-19 15:45:00','DD-MON-RR HH24:MI:SS'),3026,30,'COMPLETED',5);
Insert into RIDE_TRANSACTION (TRANS_ID, CUSTOMER_ID, CARS_AT_PICKUP_ID, TRANSACTION_DATE, START_TIME, END_TIME, CAR_ID, DISTANCE, STATUS, DISCOUNT) values (6027,1027,5027,to_date('27-MAR-20','DD-MON-RR'),to_date('27-MAR-20 14:15:00','DD-MON-RR HH24:MI:SS'),to_date('27-MAR-20 17:45:00','DD-MON-RR HH24:MI:SS'),3027,35,'COMPLETED',10);
Insert into RIDE_TRANSACTION (TRANS_ID, CUSTOMER_ID, CARS_AT_PICKUP_ID, TRANSACTION_DATE, START_TIME, END_TIME, CAR_ID, DISTANCE, STATUS, DISCOUNT) values (6028,1028,5028,to_date('01-APR-21','DD-MON-RR'),to_date('01-APR-21 15:15:00','DD-MON-RR HH24:MI:SS'),to_date('01-APR-21 16:45:00','DD-MON-RR HH24:MI:SS'),3028,40,'COMPLETED',0);
Insert into RIDE_TRANSACTION (TRANS_ID, CUSTOMER_ID, CARS_AT_PICKUP_ID, TRANSACTION_DATE, START_TIME, END_TIME, CAR_ID, DISTANCE, STATUS, DISCOUNT) values (6029,1029,5029,to_date('02-MAY-22','DD-MON-RR'),to_date('02-MAY-22 16:15:00','DD-MON-RR HH24:MI:SS'),to_date('02-MAY-22 18:45:00','DD-MON-RR HH24:MI:SS'),3029,45,'CANCELLED',5);
Insert into RIDE_TRANSACTION (TRANS_ID, CUSTOMER_ID, CARS_AT_PICKUP_ID, TRANSACTION_DATE, START_TIME, END_TIME, CAR_ID, DISTANCE, STATUS, DISCOUNT) values (6030,1030,5030,to_date('03-JUN-23','DD-MON-RR'),to_date('03-JUN-23 17:15:00','DD-MON-RR HH24:MI:SS'),to_date('03-JUN-23 20:45:00','DD-MON-RR HH24:MI:SS'),3030,50,'COMPLETED',10);

-- CUSTOMER_ACTIVITY

Insert into CUSTOMER_ACTIVITY (ACTIVITY_ID, LOGIN_TIME, LOGOUT_TIME, CUSTOMER_ID) values (7001, to_date('01-JAN-19 08:00:00','DD-MON-RR HH24:MI:SS'), to_date('01-JAN-19 09:30:00','DD-MON-RR HH24:MI:SS'), 1001);
Insert into CUSTOMER_ACTIVITY (ACTIVITY_ID, LOGIN_TIME, LOGOUT_TIME, CUSTOMER_ID) values (7002, to_date('02-FEB-20 09:00:00','DD-MON-RR HH24:MI:SS'), to_date('02-FEB-20 11:45:00','DD-MON-RR HH24:MI:SS'), 1002);
Insert into CUSTOMER_ACTIVITY (ACTIVITY_ID, LOGIN_TIME, LOGOUT_TIME, CUSTOMER_ID) values (7003, to_date('03-MAR-21 10:00:00','DD-MON-RR HH24:MI:SS'), to_date('03-MAR-21 13:45:00','DD-MON-RR HH24:MI:SS'), 1003);
Insert into CUSTOMER_ACTIVITY (ACTIVITY_ID, LOGIN_TIME, LOGOUT_TIME, CUSTOMER_ID) values (7004, to_date('04-APR-22 11:00:00','DD-MON-RR HH24:MI:SS'), to_date('04-APR-22 12:45:00','DD-MON-RR HH24:MI:SS'), 1004);
Insert into CUSTOMER_ACTIVITY (ACTIVITY_ID, LOGIN_TIME, LOGOUT_TIME, CUSTOMER_ID) values (7005, to_date('05-MAY-23 12:00:00','DD-MON-RR HH24:MI:SS'), to_date('05-MAY-23 14:45:00','DD-MON-RR HH24:MI:SS'), 1005);
Insert into CUSTOMER_ACTIVITY (ACTIVITY_ID, LOGIN_TIME, LOGOUT_TIME, CUSTOMER_ID) values (7006, to_date('06-JUN-19 13:00:00','DD-MON-RR HH24:MI:SS'), to_date('06-JUN-19 16:45:00','DD-MON-RR HH24:MI:SS'), 1006);
Insert into CUSTOMER_ACTIVITY (ACTIVITY_ID, LOGIN_TIME, LOGOUT_TIME, CUSTOMER_ID) values (7007, to_date('07-JUL-20 14:00:00','DD-MON-RR HH24:MI:SS'), to_date('07-JUL-20 15:45:00','DD-MON-RR HH24:MI:SS'), 1007);
Insert into CUSTOMER_ACTIVITY (ACTIVITY_ID, LOGIN_TIME, LOGOUT_TIME, CUSTOMER_ID) values (7008, to_date('08-AUG-21 15:00:00','DD-MON-RR HH24:MI:SS'), to_date('08-AUG-21 17:45:00','DD-MON-RR HH24:MI:SS'), 1008);
Insert into CUSTOMER_ACTIVITY (ACTIVITY_ID, LOGIN_TIME, LOGOUT_TIME, CUSTOMER_ID) values (7009, to_date('09-SEP-22 16:00:00','DD-MON-RR HH24:MI:SS'), to_date('09-SEP-22 19:45:00','DD-MON-RR HH24:MI:SS'), 1009);
Insert into CUSTOMER_ACTIVITY (ACTIVITY_ID, LOGIN_TIME, LOGOUT_TIME, CUSTOMER_ID) values (7010, to_date('10-OCT-23 17:00:00','DD-MON-RR HH24:MI:SS'), to_date('10-OCT-23 18:45:00','DD-MON-RR HH24:MI:SS'), 1010);
Insert into CUSTOMER_ACTIVITY (ACTIVITY_ID, LOGIN_TIME, LOGOUT_TIME, CUSTOMER_ID) values (7011, to_date('11-NOV-19 08:00:00','DD-MON-RR HH24:MI:SS'), to_date('11-NOV-19 10:45:00','DD-MON-RR HH24:MI:SS'), 1011);
Insert into CUSTOMER_ACTIVITY (ACTIVITY_ID, LOGIN_TIME, LOGOUT_TIME, CUSTOMER_ID) values (7012, to_date('12-DEC-20 09:00:00','DD-MON-RR HH24:MI:SS'), to_date('12-DEC-20 12:45:00','DD-MON-RR HH24:MI:SS'), 1012);
Insert into CUSTOMER_ACTIVITY (ACTIVITY_ID, LOGIN_TIME, LOGOUT_TIME, CUSTOMER_ID) values (7013, to_date('13-JAN-21 10:00:00','DD-MON-RR HH24:MI:SS'), to_date('13-JAN-21 11:45:00','DD-MON-RR HH24:MI:SS'), 1013);
Insert into CUSTOMER_ACTIVITY (ACTIVITY_ID, LOGIN_TIME, LOGOUT_TIME, CUSTOMER_ID) values (7014, to_date('14-FEB-22 11:00:00','DD-MON-RR HH24:MI:SS'), to_date('14-FEB-22 13:45:00','DD-MON-RR HH24:MI:SS'), 1014);
Insert into CUSTOMER_ACTIVITY (ACTIVITY_ID, LOGIN_TIME, LOGOUT_TIME, CUSTOMER_ID) values (7015, to_date('15-MAR-23 12:00:00','DD-MON-RR HH24:MI:SS'), to_date('15-MAR-23 15:45:00','DD-MON-RR HH24:MI:SS'), 1015);
Insert into CUSTOMER_ACTIVITY (ACTIVITY_ID, LOGIN_TIME, LOGOUT_TIME, CUSTOMER_ID) values (7016, to_date('16-APR-19 13:00:00','DD-MON-RR HH24:MI:SS'), to_date('16-APR-19 14:45:00','DD-MON-RR HH24:MI:SS'), 1016);
Insert into CUSTOMER_ACTIVITY (ACTIVITY_ID, LOGIN_TIME, LOGOUT_TIME, CUSTOMER_ID) values (7017, to_date('17-MAY-20 14:00:00','DD-MON-RR HH24:MI:SS'), to_date('17-MAY-20 16:45:00','DD-MON-RR HH24:MI:SS'), 1017);
Insert into CUSTOMER_ACTIVITY (ACTIVITY_ID, LOGIN_TIME, LOGOUT_TIME, CUSTOMER_ID) values (7018, to_date('18-JUN-21 15:00:00','DD-MON-RR HH24:MI:SS'), to_date('18-JUN-21 18:45:00','DD-MON-RR HH24:MI:SS'), 1018);
Insert into CUSTOMER_ACTIVITY (ACTIVITY_ID, LOGIN_TIME, LOGOUT_TIME, CUSTOMER_ID) values (7019, to_date('19-JUL-22 16:00:00','DD-MON-RR HH24:MI:SS'), to_date('19-JUL-22 17:45:00','DD-MON-RR HH24:MI:SS'), 1019);
Insert into CUSTOMER_ACTIVITY (ACTIVITY_ID, LOGIN_TIME, LOGOUT_TIME, CUSTOMER_ID) values (7020, to_date('20-AUG-23 17:00:00','DD-MON-RR HH24:MI:SS'), to_date('20-AUG-23 19:45:00','DD-MON-RR HH24:MI:SS'), 1020);
Insert into CUSTOMER_ACTIVITY (ACTIVITY_ID, LOGIN_TIME, LOGOUT_TIME, CUSTOMER_ID) values (7021, to_date('21-SEP-19 08:00:00','DD-MON-RR HH24:MI:SS'), to_date('21-SEP-19 11:45:00','DD-MON-RR HH24:MI:SS'), 1021);
Insert into CUSTOMER_ACTIVITY (ACTIVITY_ID, LOGIN_TIME, LOGOUT_TIME, CUSTOMER_ID) values (7022, to_date('22-OCT-20 09:00:00','DD-MON-RR HH24:MI:SS'), to_date('22-OCT-20 10:45:00','DD-MON-RR HH24:MI:SS'), 1022);
Insert into CUSTOMER_ACTIVITY (ACTIVITY_ID, LOGIN_TIME, LOGOUT_TIME, CUSTOMER_ID) values (7023, to_date('23-NOV-21 10:00:00','DD-MON-RR HH24:MI:SS'), to_date('23-NOV-21 12:45:00','DD-MON-RR HH24:MI:SS'), 1023);
Insert into CUSTOMER_ACTIVITY (ACTIVITY_ID, LOGIN_TIME, LOGOUT_TIME, CUSTOMER_ID) values (7024, to_date('24-DEC-22 11:00:00','DD-MON-RR HH24:MI:SS'), to_date('24-DEC-22 14:45:00','DD-MON-RR HH24:MI:SS'), 1024);
Insert into CUSTOMER_ACTIVITY (ACTIVITY_ID, LOGIN_TIME, LOGOUT_TIME, CUSTOMER_ID) values (7025, to_date('25-JAN-23 12:00:00','DD-MON-RR HH24:MI:SS'), to_date('25-JAN-23 13:45:00','DD-MON-RR HH24:MI:SS'), 1025);
Insert into CUSTOMER_ACTIVITY (ACTIVITY_ID, LOGIN_TIME, LOGOUT_TIME, CUSTOMER_ID) values (7026, to_date('26-FEB-19 13:00:00','DD-MON-RR HH24:MI:SS'), to_date('26-FEB-19 15:45:00','DD-MON-RR HH24:MI:SS'), 1026);
Insert into CUSTOMER_ACTIVITY (ACTIVITY_ID, LOGIN_TIME, LOGOUT_TIME, CUSTOMER_ID) values (7027, to_date('01-MAR-20 14:00:00','DD-MON-RR HH24:MI:SS'), to_date('01-MAR-20 17:45:00','DD-MON-RR HH24:MI:SS'), 1027);
Insert into CUSTOMER_ACTIVITY (ACTIVITY_ID, LOGIN_TIME, LOGOUT_TIME, CUSTOMER_ID) values (7028, to_date('02-APR-21 15:00:00','DD-MON-RR HH24:MI:SS'), to_date('02-APR-21 16:45:00','DD-MON-RR HH24:MI:SS'), 1028);
Insert into CUSTOMER_ACTIVITY (ACTIVITY_ID, LOGIN_TIME, LOGOUT_TIME, CUSTOMER_ID) values (7029, to_date('03-MAY-22 16:00:00','DD-MON-RR HH24:MI:SS'), to_date('03-MAY-22 18:45:00','DD-MON-RR HH24:MI:SS'), 1029);
Insert into CUSTOMER_ACTIVITY (ACTIVITY_ID, LOGIN_TIME, LOGOUT_TIME, CUSTOMER_ID) values (7030, to_date('04-JUN-23 17:00:00','DD-MON-RR HH24:MI:SS'), to_date('04-JUN-23 20:45:00','DD-MON-RR HH24:MI:SS'), 1030);

-- PAYMENT
Insert into PAYMENT (PAYMENT_ID, CARD_NUMBER, PAY_DATE, CHARGE_TYPE, STATUS, TRANS_ID, DISCOUNT, AMOUNT) values (8001,4200000000000000,to_date('01-JAN-20 08:00:00','DD-MON-RR HH24:MI:SS'),'CARD','COMPLETED',6001,0,150);
Insert into PAYMENT (PAYMENT_ID, CARD_NUMBER, PAY_DATE, CHARGE_TYPE, STATUS, TRANS_ID, DISCOUNT, AMOUNT) values (8002,4200000000000007,to_date('02-FEB-21 09:15:00','DD-MON-RR HH24:MI:SS'),'CASH','IN PROCESS',6002,5,162);
Insert into PAYMENT (PAYMENT_ID, CARD_NUMBER, PAY_DATE, CHARGE_TYPE, STATUS, TRANS_ID, DISCOUNT, AMOUNT) values (8003,4200000000000014,to_date('03-MAR-22 10:15:00','DD-MON-RR HH24:MI:SS'),'CARD','IN PROCESS',6003,10,174);
Insert into PAYMENT (PAYMENT_ID, CARD_NUMBER, PAY_DATE, CHARGE_TYPE, STATUS, TRANS_ID, DISCOUNT, AMOUNT) values (8004,4200000000000021,to_date('04-APR-23 11:15:00','DD-MON-RR HH24:MI:SS'),'CASH','COMPLETED',6004,15,186);
Insert into PAYMENT (PAYMENT_ID, CARD_NUMBER, PAY_DATE, CHARGE_TYPE, STATUS, TRANS_ID, DISCOUNT, AMOUNT) values (8005,4200000000000028,to_date('05-MAY-20 12:15:00','DD-MON-RR HH24:MI:SS'),'CARD','IN PROCESS',6005,20,198);
Insert into PAYMENT (PAYMENT_ID, CARD_NUMBER, PAY_DATE, CHARGE_TYPE, STATUS, TRANS_ID, DISCOUNT, AMOUNT) values (8006,4200000000000035,to_date('06-JUN-21 13:15:00','DD-MON-RR HH24:MI:SS'),'CASH','IN PROCESS',6006,0,210);
Insert into PAYMENT (PAYMENT_ID, CARD_NUMBER, PAY_DATE, CHARGE_TYPE, STATUS, TRANS_ID, DISCOUNT, AMOUNT) values (8007,4200000000000042,to_date('07-JUL-22 14:15:00','DD-MON-RR HH24:MI:SS'),'CARD','COMPLETED',6007,5,222);
Insert into PAYMENT (PAYMENT_ID, CARD_NUMBER, PAY_DATE, CHARGE_TYPE, STATUS, TRANS_ID, DISCOUNT, AMOUNT) values (8008,4200000000000049,to_date('08-AUG-23 15:15:00','DD-MON-RR HH24:MI:SS'),'CASH','IN PROCESS',6008,10,234);
Insert into PAYMENT (PAYMENT_ID, CARD_NUMBER, PAY_DATE, CHARGE_TYPE, STATUS, TRANS_ID, DISCOUNT, AMOUNT) values (8009,4200000000000056,to_date('09-SEP-20 16:15:00','DD-MON-RR HH24:MI:SS'),'CARD','IN PROCESS',6009,15,246);
Insert into PAYMENT (PAYMENT_ID, CARD_NUMBER, PAY_DATE, CHARGE_TYPE, STATUS, TRANS_ID, DISCOUNT, AMOUNT) values (8010,4200000000000063,to_date('10-OCT-21 17:15:00','DD-MON-RR HH24:MI:SS'),'CASH','COMPLETED',6010,20,258);
Insert into PAYMENT (PAYMENT_ID, CARD_NUMBER, PAY_DATE, CHARGE_TYPE, STATUS, TRANS_ID, DISCOUNT, AMOUNT) values (8011,4200000000000070,to_date('11-NOV-22 08:15:00','DD-MON-RR HH24:MI:SS'),'CARD','IN PROCESS',6011,0,270);
Insert into PAYMENT (PAYMENT_ID, CARD_NUMBER, PAY_DATE, CHARGE_TYPE, STATUS, TRANS_ID, DISCOUNT, AMOUNT) values (8012,4200000000000077,to_date('12-DEC-23 09:15:00','DD-MON-RR HH24:MI:SS'),'CASH','IN PROCESS',6012,5,282);
Insert into PAYMENT (PAYMENT_ID, CARD_NUMBER, PAY_DATE, CHARGE_TYPE, STATUS, TRANS_ID, DISCOUNT, AMOUNT) values (8013,4200000000000084,to_date('13-JAN-20 10:15:00','DD-MON-RR HH24:MI:SS'),'CARD','COMPLETED',6013,10,294);
Insert into PAYMENT (PAYMENT_ID, CARD_NUMBER, PAY_DATE, CHARGE_TYPE, STATUS, TRANS_ID, DISCOUNT, AMOUNT) values (8014,4200000000000091,to_date('14-FEB-21 11:15:00','DD-MON-RR HH24:MI:SS'),'CASH','IN PROCESS',6014,15,306);
Insert into PAYMENT (PAYMENT_ID, CARD_NUMBER, PAY_DATE, CHARGE_TYPE, STATUS, TRANS_ID, DISCOUNT, AMOUNT) values (8015,4200000000000098,to_date('15-MAR-22 12:15:00','DD-MON-RR HH24:MI:SS'),'CARD','IN PROCESS',6015,20,318);
Insert into PAYMENT (PAYMENT_ID, CARD_NUMBER, PAY_DATE, CHARGE_TYPE, STATUS, TRANS_ID, DISCOUNT, AMOUNT) values (8016,4200000000000105,to_date('16-APR-23 13:15:00','DD-MON-RR HH24:MI:SS'),'CASH','COMPLETED',6016,0,330);
Insert into PAYMENT (PAYMENT_ID, CARD_NUMBER, PAY_DATE, CHARGE_TYPE, STATUS, TRANS_ID, DISCOUNT, AMOUNT) values (8017,4200000000000112,to_date('17-MAY-20 14:15:00','DD-MON-RR HH24:MI:SS'),'CARD','IN PROCESS',6017,5,342);
Insert into PAYMENT (PAYMENT_ID, CARD_NUMBER, PAY_DATE, CHARGE_TYPE, STATUS, TRANS_ID, DISCOUNT, AMOUNT) values (8018,4200000000000119,to_date('18-JUN-21 15:15:00','DD-MON-RR HH24:MI:SS'),'CASH','IN PROCESS',6018,10,354);
Insert into PAYMENT (PAYMENT_ID, CARD_NUMBER, PAY_DATE, CHARGE_TYPE, STATUS, TRANS_ID, DISCOUNT, AMOUNT) values (8019,4200000000000126,to_date('19-JUL-22 16:15:00','DD-MON-RR HH24:MI:SS'),'CARD','COMPLETED',6019,15,366);
Insert into PAYMENT (PAYMENT_ID, CARD_NUMBER, PAY_DATE, CHARGE_TYPE, STATUS, TRANS_ID, DISCOUNT, AMOUNT) values (8020,4200000000000133,to_date('20-AUG-23 17:15:00','DD-MON-RR HH24:MI:SS'),'CASH','IN PROCESS',6020,20,378);
Insert into PAYMENT (PAYMENT_ID, CARD_NUMBER, PAY_DATE, CHARGE_TYPE, STATUS, TRANS_ID, DISCOUNT, AMOUNT) values (8021,4200000000000140,to_date('21-SEP-20 08:15:00','DD-MON-RR HH24:MI:SS'),'CARD','IN PROCESS',6021,0,390);
Insert into PAYMENT (PAYMENT_ID, CARD_NUMBER, PAY_DATE, CHARGE_TYPE, STATUS, TRANS_ID, DISCOUNT, AMOUNT) values (8022,4200000000000147,to_date('22-OCT-21 09:15:00','DD-MON-RR HH24:MI:SS'),'CASH','COMPLETED',6022,5,402);
Insert into PAYMENT (PAYMENT_ID, CARD_NUMBER, PAY_DATE, CHARGE_TYPE, STATUS, TRANS_ID, DISCOUNT, AMOUNT) values (8023,4200000000000154,to_date('23-NOV-22 10:15:00','DD-MON-RR HH24:MI:SS'),'CARD','IN PROCESS',6023,10,414);
Insert into PAYMENT (PAYMENT_ID, CARD_NUMBER, PAY_DATE, CHARGE_TYPE, STATUS, TRANS_ID, DISCOUNT, AMOUNT) values (8024,4200000000000161,to_date('24-DEC-23 11:15:00','DD-MON-RR HH24:MI:SS'),'CASH','IN PROCESS',6024,15,426);
Insert into PAYMENT (PAYMENT_ID, CARD_NUMBER, PAY_DATE, CHARGE_TYPE, STATUS, TRANS_ID, DISCOUNT, AMOUNT) values (8025,4200000000000168,to_date('25-JAN-20 12:15:00','DD-MON-RR HH24:MI:SS'),'CARD','COMPLETED',6025,20,438);
Insert into PAYMENT (PAYMENT_ID, CARD_NUMBER, PAY_DATE, CHARGE_TYPE, STATUS, TRANS_ID, DISCOUNT, AMOUNT) values (8026,4200000000000175,to_date('26-FEB-21 13:15:00','DD-MON-RR HH24:MI:SS'),'CASH','IN PROCESS',6026,0,450);
Insert into PAYMENT (PAYMENT_ID, CARD_NUMBER, PAY_DATE, CHARGE_TYPE, STATUS, TRANS_ID, DISCOUNT, AMOUNT) values (8027,4200000000000182,to_date('01-MAR-22 14:15:00','DD-MON-RR HH24:MI:SS'),'CARD','IN PROCESS',6027,5,462);
Insert into PAYMENT (PAYMENT_ID, CARD_NUMBER, PAY_DATE, CHARGE_TYPE, STATUS, TRANS_ID, DISCOUNT, AMOUNT) values (8028,4200000000000189,to_date('02-APR-23 15:15:00','DD-MON-RR HH24:MI:SS'),'CASH','COMPLETED',6028,10,474);
Insert into PAYMENT (PAYMENT_ID, CARD_NUMBER, PAY_DATE, CHARGE_TYPE, STATUS, TRANS_ID, DISCOUNT, AMOUNT) values (8029,4200000000000196,to_date('03-MAY-20 16:15:00','DD-MON-RR HH24:MI:SS'),'CARD','IN PROCESS',6029,15,486);
Insert into PAYMENT (PAYMENT_ID, CARD_NUMBER, PAY_DATE, CHARGE_TYPE, STATUS, TRANS_ID, DISCOUNT, AMOUNT) values (8030,4200000000000203,to_date('04-JUN-21 17:15:00','DD-MON-RR HH24:MI:SS'),'CASH','COMPLETED',6030,20,498);


-- FEEDBACK
Insert into FEEDBACK (FEEDBACK_ID, RATINGS, COMMENTS, FEEDBACK_DATE, FEEDBACK_TYPE, TRANS_ID) values (9001,1,'Driver was unsatisfactory - trip 1',to_date('01-JAN-20 08:30:00','DD-MON-RR HH24:MI:SS'),'NEG',6001);
Insert into FEEDBACK (FEEDBACK_ID, RATINGS, COMMENTS, FEEDBACK_DATE, FEEDBACK_TYPE, TRANS_ID) values (9002,2,'Driver was unsatisfactory - trip 2',to_date('02-FEB-21 09:30:00','DD-MON-RR HH24:MI:SS'),'NEG',6002);
Insert into FEEDBACK (FEEDBACK_ID, RATINGS, COMMENTS, FEEDBACK_DATE, FEEDBACK_TYPE, TRANS_ID) values (9003,3,'Driver was okay - trip 3',to_date('03-MAR-22 10:30:00','DD-MON-RR HH24:MI:SS'),'NEG',6003);
Insert into FEEDBACK (FEEDBACK_ID, RATINGS, COMMENTS, FEEDBACK_DATE, FEEDBACK_TYPE, TRANS_ID) values (9004,4,'Driver was good - trip 4',to_date('04-APR-23 11:30:00','DD-MON-RR HH24:MI:SS'),'POS',6004);
Insert into FEEDBACK (FEEDBACK_ID, RATINGS, COMMENTS, FEEDBACK_DATE, FEEDBACK_TYPE, TRANS_ID) values (9005,5,'Driver was good - trip 5',to_date('05-MAY-20 12:30:00','DD-MON-RR HH24:MI:SS'),'POS',6005);
Insert into FEEDBACK (FEEDBACK_ID, RATINGS, COMMENTS, FEEDBACK_DATE, FEEDBACK_TYPE, TRANS_ID) values (9006,1,'Driver was unsatisfactory - trip 6',to_date('06-JUN-21 13:30:00','DD-MON-RR HH24:MI:SS'),'NEG',6006);
Insert into FEEDBACK (FEEDBACK_ID, RATINGS, COMMENTS, FEEDBACK_DATE, FEEDBACK_TYPE, TRANS_ID) values (9007,2,'Driver was unsatisfactory - trip 7',to_date('07-JUL-22 14:30:00','DD-MON-RR HH24:MI:SS'),'NEG',6007);
Insert into FEEDBACK (FEEDBACK_ID, RATINGS, COMMENTS, FEEDBACK_DATE, FEEDBACK_TYPE, TRANS_ID) values (9008,3,'Driver was okay - trip 8',to_date('08-AUG-23 15:30:00','DD-MON-RR HH24:MI:SS'),'NEG',6008);
Insert into FEEDBACK (FEEDBACK_ID, RATINGS, COMMENTS, FEEDBACK_DATE, FEEDBACK_TYPE, TRANS_ID) values (9009,4,'Driver was good - trip 9',to_date('09-SEP-20 16:30:00','DD-MON-RR HH24:MI:SS'),'POS',6009);
Insert into FEEDBACK (FEEDBACK_ID, RATINGS, COMMENTS, FEEDBACK_DATE, FEEDBACK_TYPE, TRANS_ID) values (9010,5,'Driver was good - trip 10',to_date('10-OCT-21 17:30:00','DD-MON-RR HH24:MI:SS'),'POS',6010);
Insert into FEEDBACK (FEEDBACK_ID, RATINGS, COMMENTS, FEEDBACK_DATE, FEEDBACK_TYPE, TRANS_ID) values (9011,1,'Driver was unsatisfactory - trip 11',to_date('11-NOV-22 08:45:00','DD-MON-RR HH24:MI:SS'),'NEG',6011);
Insert into FEEDBACK (FEEDBACK_ID, RATINGS, COMMENTS, FEEDBACK_DATE, FEEDBACK_TYPE, TRANS_ID) values (9012,2,'Driver was unsatisfactory - trip 12',to_date('12-DEC-23 09:45:00','DD-MON-RR HH24:MI:SS'),'NEG',6012);
Insert into FEEDBACK (FEEDBACK_ID, RATINGS, COMMENTS, FEEDBACK_DATE, FEEDBACK_TYPE, TRANS_ID) values (9013,3,'Driver was okay - trip 13',to_date('13-JAN-20 10:45:00','DD-MON-RR HH24:MI:SS'),'NEG',6013);
Insert into FEEDBACK (FEEDBACK_ID, RATINGS, COMMENTS, FEEDBACK_DATE, FEEDBACK_TYPE, TRANS_ID) values (9014,4,'Driver was good - trip 14',to_date('14-FEB-21 11:45:00','DD-MON-RR HH24:MI:SS'),'POS',6014);
Insert into FEEDBACK (FEEDBACK_ID, RATINGS, COMMENTS, FEEDBACK_DATE, FEEDBACK_TYPE, TRANS_ID) values (9015,5,'Driver was good - trip 15',to_date('15-MAR-22 12:45:00','DD-MON-RR HH24:MI:SS'),'POS',6015);
Insert into FEEDBACK (FEEDBACK_ID, RATINGS, COMMENTS, FEEDBACK_DATE, FEEDBACK_TYPE, TRANS_ID) values (9016,1,'Driver was unsatisfactory - trip 16',to_date('16-APR-23 13:45:00','DD-MON-RR HH24:MI:SS'),'NEG',6016);
Insert into FEEDBACK (FEEDBACK_ID, RATINGS, COMMENTS, FEEDBACK_DATE, FEEDBACK_TYPE, TRANS_ID) values (9017,2,'Driver was unsatisfactory - trip 17',to_date('17-MAY-20 14:45:00','DD-MON-RR HH24:MI:SS'),'NEG',6017);
Insert into FEEDBACK (FEEDBACK_ID, RATINGS, COMMENTS, FEEDBACK_DATE, FEEDBACK_TYPE, TRANS_ID) values (9018,3,'Driver was okay - trip 18',to_date('18-JUN-21 15:45:00','DD-MON-RR HH24:MI:SS'),'NEG',6018);
Insert into FEEDBACK (FEEDBACK_ID, RATINGS, COMMENTS, FEEDBACK_DATE, FEEDBACK_TYPE, TRANS_ID) values (9019,4,'Driver was good - trip 19',to_date('19-JUL-22 16:45:00','DD-MON-RR HH24:MI:SS'),'POS',6019);
Insert into FEEDBACK (FEEDBACK_ID, RATINGS, COMMENTS, FEEDBACK_DATE, FEEDBACK_TYPE, TRANS_ID) values (9020,5,'Driver was good - trip 20',to_date('20-AUG-23 17:45:00','DD-MON-RR HH24:MI:SS'),'POS',6020);
Insert into FEEDBACK (FEEDBACK_ID, RATINGS, COMMENTS, FEEDBACK_DATE, FEEDBACK_TYPE, TRANS_ID) values (9021,1,'Driver was unsatisfactory - trip 21',to_date('21-SEP-20 08:50:00','DD-MON-RR HH24:MI:SS'),'NEG',6021);
Insert into FEEDBACK (FEEDBACK_ID, RATINGS, COMMENTS, FEEDBACK_DATE, FEEDBACK_TYPE, TRANS_ID) values (9022,2,'Driver was unsatisfactory - trip 22',to_date('22-OCT-21 09:50:00','DD-MON-RR HH24:MI:SS'),'NEG',6022);
Insert into FEEDBACK (FEEDBACK_ID, RATINGS, COMMENTS, FEEDBACK_DATE, FEEDBACK_TYPE, TRANS_ID) values (9023,3,'Driver was okay - trip 23',to_date('23-NOV-22 10:50:00','DD-MON-RR HH24:MI:SS'),'NEG',6023);
Insert into FEEDBACK (FEEDBACK_ID, RATINGS, COMMENTS, FEEDBACK_DATE, FEEDBACK_TYPE, TRANS_ID) values (9024,4,'Driver was good - trip 24',to_date('24-DEC-23 11:50:00','DD-MON-RR HH24:MI:SS'),'POS',6024);
Insert into FEEDBACK (FEEDBACK_ID, RATINGS, COMMENTS, FEEDBACK_DATE, FEEDBACK_TYPE, TRANS_ID) values (9025,5,'Driver was good - trip 25',to_date('25-JAN-20 12:50:00','DD-MON-RR HH24:MI:SS'),'POS',6025);
Insert into FEEDBACK (FEEDBACK_ID, RATINGS, COMMENTS, FEEDBACK_DATE, FEEDBACK_TYPE, TRANS_ID) values (9026,1,'Driver was unsatisfactory - trip 26',to_date('26-FEB-21 13:50:00','DD-MON-RR HH24:MI:SS'),'NEG',6026);
Insert into FEEDBACK (FEEDBACK_ID, RATINGS, COMMENTS, FEEDBACK_DATE, FEEDBACK_TYPE, TRANS_ID) values (9027,2,'Driver was unsatisfactory - trip 27',to_date('01-MAR-22 14:50:00','DD-MON-RR HH24:MI:SS'),'NEG',6027);
Insert into FEEDBACK (FEEDBACK_ID, RATINGS, COMMENTS, FEEDBACK_DATE, FEEDBACK_TYPE, TRANS_ID) values (9028,3,'Driver was okay - trip 28',to_date('02-APR-23 15:50:00','DD-MON-RR HH24:MI:SS'),'NEG',6028);
Insert into FEEDBACK (FEEDBACK_ID, RATINGS, COMMENTS, FEEDBACK_DATE, FEEDBACK_TYPE, TRANS_ID) values (9029,4,'Driver was good - trip 29',to_date('03-MAY-20 16:50:00','DD-MON-RR HH24:MI:SS'),'POS',6029);
Insert into FEEDBACK (FEEDBACK_ID, RATINGS, COMMENTS, FEEDBACK_DATE, FEEDBACK_TYPE, TRANS_ID) values (9030,5,'Driver was good - trip 30',to_date('04-JUN-21 17:50:00','DD-MON-RR HH24:MI:SS'),'POS',6030);

-- SUPPORT

Insert into SUPPORT (SUPPORT_ID, STATUS, CUSTOMER_ID, TRANS_ID, DESCRIPTION, SUPPORT_DATE) values (10001,'IN PROGRESS',1001,6001,'Issue regarding booking 1',to_date('01-JAN-21 09:00:00','DD-MON-RR HH24:MI:SS'));
Insert into SUPPORT (SUPPORT_ID, STATUS, CUSTOMER_ID, TRANS_ID, DESCRIPTION, SUPPORT_DATE) values (10002,'COMPLETED',1002,6002,'Issue regarding booking 2',to_date('02-FEB-22 09:00:00','DD-MON-RR HH24:MI:SS'));
Insert into SUPPORT (SUPPORT_ID, STATUS, CUSTOMER_ID, TRANS_ID, DESCRIPTION, SUPPORT_DATE) values (10003,'COMPLETED',1003,6003,'Issue regarding booking 3',to_date('03-MAR-23 09:00:00','DD-MON-RR HH24:MI:SS'));
Insert into SUPPORT (SUPPORT_ID, STATUS, CUSTOMER_ID, TRANS_ID, DESCRIPTION, SUPPORT_DATE) values (10004,'COMPLETED',1004,6004,'Issue regarding booking 4',to_date('04-APR-21 09:00:00','DD-MON-RR HH24:MI:SS'));
Insert into SUPPORT (SUPPORT_ID, STATUS, CUSTOMER_ID, TRANS_ID, DESCRIPTION, SUPPORT_DATE) values (10005,'IN PROGRESS',1005,6005,'Issue regarding booking 5',to_date('05-MAY-22 09:00:00','DD-MON-RR HH24:MI:SS'));
Insert into SUPPORT (SUPPORT_ID, STATUS, CUSTOMER_ID, TRANS_ID, DESCRIPTION, SUPPORT_DATE) values (10006,'COMPLETED',1006,6006,'Issue regarding booking 6',to_date('06-JUN-23 09:00:00','DD-MON-RR HH24:MI:SS'));
Insert into SUPPORT (SUPPORT_ID, STATUS, CUSTOMER_ID, TRANS_ID, DESCRIPTION, SUPPORT_DATE) values (10007,'COMPLETED',1007,6007,'Issue regarding booking 7',to_date('07-JUL-21 09:00:00','DD-MON-RR HH24:MI:SS'));
Insert into SUPPORT (SUPPORT_ID, STATUS, CUSTOMER_ID, TRANS_ID, DESCRIPTION, SUPPORT_DATE) values (10008,'COMPLETED',1008,6008,'Issue regarding booking 8',to_date('08-AUG-22 09:00:00','DD-MON-RR HH24:MI:SS'));
Insert into SUPPORT (SUPPORT_ID, STATUS, CUSTOMER_ID, TRANS_ID, DESCRIPTION, SUPPORT_DATE) values (10009,'IN PROGRESS',1009,6009,'Issue regarding booking 9',to_date('09-SEP-23 09:00:00','DD-MON-RR HH24:MI:SS'));
Insert into SUPPORT (SUPPORT_ID, STATUS, CUSTOMER_ID, TRANS_ID, DESCRIPTION, SUPPORT_DATE) values (10010,'COMPLETED',1010,6010,'Issue regarding booking 10',to_date('10-OCT-21 09:00:00','DD-MON-RR HH24:MI:SS'));
Insert into SUPPORT (SUPPORT_ID, STATUS, CUSTOMER_ID, TRANS_ID, DESCRIPTION, SUPPORT_DATE) values (10011,'COMPLETED',1011,6011,'Issue regarding booking 11',to_date('11-NOV-22 09:00:00','DD-MON-RR HH24:MI:SS'));
Insert into SUPPORT (SUPPORT_ID, STATUS, CUSTOMER_ID, TRANS_ID, DESCRIPTION, SUPPORT_DATE) values (10012,'COMPLETED',1012,6012,'Issue regarding booking 12',to_date('12-DEC-23 09:00:00','DD-MON-RR HH24:MI:SS'));
Insert into SUPPORT (SUPPORT_ID, STATUS, CUSTOMER_ID, TRANS_ID, DESCRIPTION, SUPPORT_DATE) values (10013,'IN PROGRESS',1013,6013,'Issue regarding booking 13',to_date('13-JAN-21 09:00:00','DD-MON-RR HH24:MI:SS'));
Insert into SUPPORT (SUPPORT_ID, STATUS, CUSTOMER_ID, TRANS_ID, DESCRIPTION, SUPPORT_DATE) values (10014,'COMPLETED',1014,6014,'Issue regarding booking 14',to_date('14-FEB-22 09:00:00','DD-MON-RR HH24:MI:SS'));
Insert into SUPPORT (SUPPORT_ID, STATUS, CUSTOMER_ID, TRANS_ID, DESCRIPTION, SUPPORT_DATE) values (10015,'COMPLETED',1015,6015,'Issue regarding booking 15',to_date('15-MAR-23 09:00:00','DD-MON-RR HH24:MI:SS'));
Insert into SUPPORT (SUPPORT_ID, STATUS, CUSTOMER_ID, TRANS_ID, DESCRIPTION, SUPPORT_DATE) values (10016,'COMPLETED',1016,6016,'Issue regarding booking 16',to_date('16-APR-21 09:00:00','DD-MON-RR HH24:MI:SS'));
Insert into SUPPORT (SUPPORT_ID, STATUS, CUSTOMER_ID, TRANS_ID, DESCRIPTION, SUPPORT_DATE) values (10017,'IN PROGRESS',1017,6017,'Issue regarding booking 17',to_date('17-MAY-22 09:00:00','DD-MON-RR HH24:MI:SS'));
Insert into SUPPORT (SUPPORT_ID, STATUS, CUSTOMER_ID, TRANS_ID, DESCRIPTION, SUPPORT_DATE) values (10018,'COMPLETED',1018,6018,'Issue regarding booking 18',to_date('18-JUN-23 09:00:00','DD-MON-RR HH24:MI:SS'));
Insert into SUPPORT (SUPPORT_ID, STATUS, CUSTOMER_ID, TRANS_ID, DESCRIPTION, SUPPORT_DATE) values (10019,'COMPLETED',1019,6019,'Issue regarding booking 19',to_date('19-JUL-21 09:00:00','DD-MON-RR HH24:MI:SS'));
Insert into SUPPORT (SUPPORT_ID, STATUS, CUSTOMER_ID, TRANS_ID, DESCRIPTION, SUPPORT_DATE) values (10020,'COMPLETED',1020,6020,'Issue regarding booking 20',to_date('20-AUG-22 09:00:00','DD-MON-RR HH24:MI:SS'));
Insert into SUPPORT (SUPPORT_ID, STATUS, CUSTOMER_ID, TRANS_ID, DESCRIPTION, SUPPORT_DATE) values (10021,'IN PROGRESS',1021,6021,'Issue regarding booking 21',to_date('21-SEP-23 09:00:00','DD-MON-RR HH24:MI:SS'));
Insert into SUPPORT (SUPPORT_ID, STATUS, CUSTOMER_ID, TRANS_ID, DESCRIPTION, SUPPORT_DATE) values (10022,'COMPLETED',1022,6022,'Issue regarding booking 22',to_date('22-OCT-21 09:00:00','DD-MON-RR HH24:MI:SS'));
Insert into SUPPORT (SUPPORT_ID, STATUS, CUSTOMER_ID, TRANS_ID, DESCRIPTION, SUPPORT_DATE) values (10023,'COMPLETED',1023,6023,'Issue regarding booking 23',to_date('23-NOV-22 09:00:00','DD-MON-RR HH24:MI:SS'));
Insert into SUPPORT (SUPPORT_ID, STATUS, CUSTOMER_ID, TRANS_ID, DESCRIPTION, SUPPORT_DATE) values (10024,'COMPLETED',1024,6024,'Issue regarding booking 24',to_date('24-DEC-23 09:00:00','DD-MON-RR HH24:MI:SS'));
Insert into SUPPORT (SUPPORT_ID, STATUS, CUSTOMER_ID, TRANS_ID, DESCRIPTION, SUPPORT_DATE) values (10025,'IN PROGRESS',1025,6025,'Issue regarding booking 25',to_date('25-JAN-21 09:00:00','DD-MON-RR HH24:MI:SS'));
Insert into SUPPORT (SUPPORT_ID, STATUS, CUSTOMER_ID, TRANS_ID, DESCRIPTION, SUPPORT_DATE) values (10026,'COMPLETED',1026,6026,'Issue regarding booking 26',to_date('26-FEB-22 09:00:00','DD-MON-RR HH24:MI:SS'));
Insert into SUPPORT (SUPPORT_ID, STATUS, CUSTOMER_ID, TRANS_ID, DESCRIPTION, SUPPORT_DATE) values (10027,'COMPLETED',1027,6027,'Issue regarding booking 27',to_date('01-MAR-23 09:00:00','DD-MON-RR HH24:MI:SS'));
Insert into SUPPORT (SUPPORT_ID, STATUS, CUSTOMER_ID, TRANS_ID, DESCRIPTION, SUPPORT_DATE) values (10028,'COMPLETED',1028,6028,'Issue regarding booking 28',to_date('02-APR-21 09:00:00','DD-MON-RR HH24:MI:SS'));
Insert into SUPPORT (SUPPORT_ID, STATUS, CUSTOMER_ID, TRANS_ID, DESCRIPTION, SUPPORT_DATE) values (10029,'IN PROGRESS',1029,6029,'Issue regarding booking 29',to_date('03-MAY-22 09:00:00','DD-MON-RR HH24:MI:SS'));
Insert into SUPPORT (SUPPORT_ID, STATUS, CUSTOMER_ID, TRANS_ID, DESCRIPTION, SUPPORT_DATE) values (10030,'COMPLETED',1030,6030,'Issue regarding booking 30',to_date('04-JUN-23 09:00:00','DD-MON-RR HH24:MI:SS'));


-- VIOLATIONS_RECORDS

Insert into VIOLATIONS_RECORDS (RECORD_ID, RECORD_DATE, CUSTOMER_ID, VIOLATION_ID) values (12001,to_date('01-JAN-19','DD-MON-RR'),1001,11001);
Insert into VIOLATIONS_RECORDS (RECORD_ID, RECORD_DATE, CUSTOMER_ID, VIOLATION_ID) values (12002,to_date('02-FEB-20','DD-MON-RR'),1002,11002);
Insert into VIOLATIONS_RECORDS (RECORD_ID, RECORD_DATE, CUSTOMER_ID, VIOLATION_ID) values (12003,to_date('03-MAR-21','DD-MON-RR'),1003,11003);
Insert into VIOLATIONS_RECORDS (RECORD_ID, RECORD_DATE, CUSTOMER_ID, VIOLATION_ID) values (12004,to_date('04-APR-22','DD-MON-RR'),1004,11004);
Insert into VIOLATIONS_RECORDS (RECORD_ID, RECORD_DATE, CUSTOMER_ID, VIOLATION_ID) values (12005,to_date('05-MAY-23','DD-MON-RR'),1005,11005);
Insert into VIOLATIONS_RECORDS (RECORD_ID, RECORD_DATE, CUSTOMER_ID, VIOLATION_ID) values (12006,to_date('06-JUN-19','DD-MON-RR'),1006,11006);
Insert into VIOLATIONS_RECORDS (RECORD_ID, RECORD_DATE, CUSTOMER_ID, VIOLATION_ID) values (12007,to_date('07-JUL-20','DD-MON-RR'),1007,11007);
Insert into VIOLATIONS_RECORDS (RECORD_ID, RECORD_DATE, CUSTOMER_ID, VIOLATION_ID) values (12008,to_date('08-AUG-21','DD-MON-RR'),1008,11008);
Insert into VIOLATIONS_RECORDS (RECORD_ID, RECORD_DATE, CUSTOMER_ID, VIOLATION_ID) values (12009,to_date('09-SEP-22','DD-MON-RR'),1009,11009);
Insert into VIOLATIONS_RECORDS (RECORD_ID, RECORD_DATE, CUSTOMER_ID, VIOLATION_ID) values (12010,to_date('10-OCT-23','DD-MON-RR'),1010,11010);
Insert into VIOLATIONS_RECORDS (RECORD_ID, RECORD_DATE, CUSTOMER_ID, VIOLATION_ID) values (12011,to_date('11-NOV-19','DD-MON-RR'),1011,11011);
Insert into VIOLATIONS_RECORDS (RECORD_ID, RECORD_DATE, CUSTOMER_ID, VIOLATION_ID) values (12012,to_date('12-DEC-20','DD-MON-RR'),1012,11012);
Insert into VIOLATIONS_RECORDS (RECORD_ID, RECORD_DATE, CUSTOMER_ID, VIOLATION_ID) values (12013,to_date('13-JAN-21','DD-MON-RR'),1013,11013);
Insert into VIOLATIONS_RECORDS (RECORD_ID, RECORD_DATE, CUSTOMER_ID, VIOLATION_ID) values (12014,to_date('14-FEB-22','DD-MON-RR'),1014,11014);
Insert into VIOLATIONS_RECORDS (RECORD_ID, RECORD_DATE, CUSTOMER_ID, VIOLATION_ID) values (12015,to_date('15-MAR-23','DD-MON-RR'),1015,11015);
Insert into VIOLATIONS_RECORDS (RECORD_ID, RECORD_DATE, CUSTOMER_ID, VIOLATION_ID) values (12016,to_date('16-APR-19','DD-MON-RR'),1016,11016);
Insert into VIOLATIONS_RECORDS (RECORD_ID, RECORD_DATE, CUSTOMER_ID, VIOLATION_ID) values (12017,to_date('17-MAY-20','DD-MON-RR'),1017,11017);
Insert into VIOLATIONS_RECORDS (RECORD_ID, RECORD_DATE, CUSTOMER_ID, VIOLATION_ID) values (12018,to_date('18-JUN-21','DD-MON-RR'),1018,11018);
Insert into VIOLATIONS_RECORDS (RECORD_ID, RECORD_DATE, CUSTOMER_ID, VIOLATION_ID) values (12019,to_date('19-JUL-22','DD-MON-RR'),1019,11019);
Insert into VIOLATIONS_RECORDS (RECORD_ID, RECORD_DATE, CUSTOMER_ID, VIOLATION_ID) values (12020,to_date('20-AUG-23','DD-MON-RR'),1020,11020);
Insert into VIOLATIONS_RECORDS (RECORD_ID, RECORD_DATE, CUSTOMER_ID, VIOLATION_ID) values (12021,to_date('21-SEP-19','DD-MON-RR'),1021,11021);
Insert into VIOLATIONS_RECORDS (RECORD_ID, RECORD_DATE, CUSTOMER_ID, VIOLATION_ID) values (12022,to_date('22-OCT-20','DD-MON-RR'),1022,11022);
Insert into VIOLATIONS_RECORDS (RECORD_ID, RECORD_DATE, CUSTOMER_ID, VIOLATION_ID) values (12023,to_date('23-NOV-21','DD-MON-RR'),1023,11023);
Insert into VIOLATIONS_RECORDS (RECORD_ID, RECORD_DATE, CUSTOMER_ID, VIOLATION_ID) values (12024,to_date('24-DEC-22','DD-MON-RR'),1024,11024);
Insert into VIOLATIONS_RECORDS (RECORD_ID, RECORD_DATE, CUSTOMER_ID, VIOLATION_ID) values (12025,to_date('25-JAN-23','DD-MON-RR'),1025,11025);
Insert into VIOLATIONS_RECORDS (RECORD_ID, RECORD_DATE, CUSTOMER_ID, VIOLATION_ID) values (12026,to_date('26-FEB-19','DD-MON-RR'),1026,11026);
Insert into VIOLATIONS_RECORDS (RECORD_ID, RECORD_DATE, CUSTOMER_ID, VIOLATION_ID) values (12027,to_date('01-MAR-20','DD-MON-RR'),1027,11027);
Insert into VIOLATIONS_RECORDS (RECORD_ID, RECORD_DATE, CUSTOMER_ID, VIOLATION_ID) values (12028,to_date('02-APR-21','DD-MON-RR'),1028,11028);
Insert into VIOLATIONS_RECORDS (RECORD_ID, RECORD_DATE, CUSTOMER_ID, VIOLATION_ID) values (12029,to_date('03-MAY-22','DD-MON-RR'),1029,11029);
Insert into VIOLATIONS_RECORDS (RECORD_ID, RECORD_DATE, CUSTOMER_ID, VIOLATION_ID) values (12030,to_date('04-JUN-23','DD-MON-RR'),1030,11030);


COMMIT;
